FwabH-eEUaYcx9fpOiZzCEyD3VAkDSIJI1y3an1aBBN5K6FjS8slu-HM_cQiZlVGb-BZIBN_xv61fMgu1KCwqBa7TJ2o8PoIAxJaOvOvCmH1JyueGxjGdJMGBKfUzxo2Msrt8eST6ddeL_y4weXp7a3dingVW34IZ6k3yLQL9bYJUe-2U_IvBzSEWtnNY7aS1IUW_sLl7gfOKwtP5swzHWK3WdD0hx3Owgo2NyVaINI592y74EUk1ta4tu3tJ8nOslomx06FLXrNbuFf7a1y3I8q_d2xTgjGaKNWGwXomZW7fC3kxbZnbJ6bRrACuVNsVDkz7bWRXcUvzw8jXWePsEA2nzk7TmFJ8V1r-Bv1Fp2a2p5UiUdnhpNq9fQXV4U7iwmAxfzG_XoWW3ASs_d0W3Bioz9oiEG1G_fmiZqoqKzKyFNSalgfK2OdW2aN0VyMG2A1qZkqqZFYO95wvusmF1ZqoenwtuTARWGn5W7Imdz_Nq5UGDAqOMLVAGaLhGNj5L8nFhNj0RfL2H8ILy53RL2j_J-yO0CSMAFq84tFR8acbS-_gDtsSw86Vkm49iMreKTbzK2fOj97pp9OlHNnNLI0FggcK26eGe2be3nbEFBF3DhbhqP0lmggsZ6fHxOSNl_6xhBHZpkMGzkDkIxiuO72B0BQ4-nd1-RUKX9Zu0E,zoMO6HJmNdHyXx_vwKvPxGQzARdcA9U6U5pDhWGeIz6JLiseRGPx7roDUS8GT235ThyTIWOGu674_Edja2IrIcTIz5KcSVeYuiNJBSuIa7D7qgHxU2JnJ-bPLnsYEes3fDB_SIA2NVOEReISoxuNzeak38w7N1Ng6WLnDSveATHD92n7JBaYp2otbMe95VsUVjL3VBHzqBeHs60A_vwWDXV9OeKaBy1WpB3iTeYbEzJmq703zA4iXAe_BSFhwOD8S2fSNdCi0YcDeQkH8M6wbwpVmcJUQrGv_joZZJPo0IYxiJi4C2wzaCwJLXBujRoEJ6BpoDjacMcJEzzOxO5mUASLrHtHmPAPwq1Ow6lkGR4O6M31xZyBswyH_8Lng-3-LRAkNuJcr0PufR7sZmAZoIQnksmfcUXoe-H43VrnPwHB-7JnoWvuUQp39y5Fshv2tfPpvpAbSqKvm2enfQsRF0IZkDZLlK4eDS-8fDNFd8twP8snOYOWxFS5EpEEQldvdWLQoXr-Nexpa0unzG3vvykTYvgRDkj8EAwz0OiqSGwX22nxx83O5InCQqJGHcLh5ynDy7XfjlxFdvFeSwYbDB6_wxISMKRrPr-VSis3kwlGirXT3EvvVhvu3-KqYZa0fu4UjsavXSr_aX0JXgBf7GKJS_sl-3BChKmb7G3yTuM
BMI9UV86oqenWMYgW8FvIMsXty0sJklDkaFlk_qVim7czyXQSfLzCCf42F7zKUSiwb1Ol_FYIIZjE7U-048bsIoiRUBj7f2mhEwoxJzDQhmWgvMPFgi4LRDyFaXpOZJ3JwNUVDXmdRAtlgoRyeEqN_7pKZvf4QWFCLjbScUo4FMRladf140PBFhW-F4HApExPxOdwcF7_9s1fKeS7VjecWQu3mrjlquHdyOsn3yxIOwGQq4zeap-dig_EhIdM0ygus_VapXFZKtA5bQeuCjkD3GoPD6TJYMrSlEKcMwvqfdGd5ZPyFRFGRog31yasZqeFtG0GXGoOuM2YSAmSIVSvLLgDX_LJLpHIKdYumvYkNBX1KNOha6Wl9L59pHUFD-GHFbkL02-oI_0XEISHvuFMJZIIQHMp69UPLKQaS0avJYYRchEugsn75QuGh67gyNcRo7NFFceU46poobCDX5-8ygtuTQE690onKnknKLcV_tHnv1hWYUClp54QXsa-lVYH4dvSb4woG-wNqbtm_MM9lxgK5zz__XPryMfyCtWLwz0IM-GSvb0-fy2YWelqUMgOzstxy01ooOJy1tIhoY6zgbv-CX1gHszG-fyDjOfIr_AGELjZgFPSzjdYirXSF3-m1qlCqrVgt6r5eqIorPdBcIdCpOZ78UqKWqE70RZR2U,0rK2IG6ihDYdghWSOAEduty3hC9TDAnOIvb1RZhPH-sV9qix7xrZJ6mjdRmvkgKPNDouz4LEtsGta9SZpeHzdk-Xz2b-mL41rmW0QLZrJ_7Av9XRGCqRVWTjD4Cc5YGdh5nk0AQQNgK9bPocCDiufVxphyyUzyzF77VMdmpxwSly6yNEbVDEUELJ4JtLHWkBg6x3f3s9sliCSoBbFIwfbyRjv6_QD7T8cOGhXbR_ih4I39W8_URmAqRJE8k6PfL_qVusSjZTFZvRsUVx1Kl9QNwgjmB-EfWhqS5IwmIJOK71q5gkltu3wbTRz5Ftm7dbb2xbNz6jPOmIwKlgKbY4lmBw-esIUfylA3v2tq1tY3GnjVetQYNoe31agHJs1pa3E01Gt1_aQljNrJ24FwrBXNyWZoveRXhopvziIN94M5_PKNGJP-fzaeMw1nb6B0TE42RByGnQMa04BTP3_ZpHypru2tFJIJ-N22vBrsvQ7eO_38HCuTvO6_HnpLcpItWUqveRBXOqCuTWaWSpH27TFhShZiDlq99QXE9qWIGwwL-irIv2XUkZ8bWeYp5art07xDTSj7SivnDYRn0kiDzjw3Znk2DouD4kEj3tg5uA3WpkdFqDlOkIL6sqPy7cOIRwQPxh5_rgKn6rvZ1LzM9nmMbM8DKtIiC-WiekZXjGkI0
atT0oQ-BijhmTDWaMUplO6tueYCVCjuSm-LD6O_ZT451twoPB30wHwGJ-50AjW1vqfw29Y6tzPvPYGT_9D0njdMprIWkb442tHFv4NlJGOuaXCkdfl5D2-OyEdxsjSgjm2YDjb_WmRk7HkB5fIkXoc_u08ukLVJpTlfnvg0Y2CcQRRzNZR5iXDlFISlSI9uq93cItynPCwlBYkht0cx2vaMa3fSQVX3-PSy71IL5-GuIMKvZYW8bJ6DiE5ehb5xASMlbUGJD5fvKPdqidGYTLwgxN4UX2lDhk0upoHYsFU-FoxnTlrG_-SyCp7faxQ8YxhNprZR-YdObVs1Goid81uyR0FeuWTg7557QRPPz6ygh9dOCDzn3Fs56RGdAHawjleOsUyoiInuM03ZRjmMX4DOhyBGQGuSZj0mhtaxTmyPdUPJfdzfPOFYLFNdCBUnMnUcC59MFOc-oIVGOuIRvzcM-lRcrUIOEWWa-7P-0gyAF_SZ7YO8VzDB6vGxUBmg7ANa4PJCIiBCFRNTfKAOMUBnk4whUYlpNUpcbBgWswrRG2U_mQS4qHYr-53flQm6hytZ_sjnYERFtbWLfeA1ku5FoWW2sbFiRnTSV0YLUifBH0eQJxi0mIQTew-30ocDLkgAy7Ykt7W1yV1Wn56NcdtjCvfTDgI2RLf4TORQdrzE,ya6ZwoRR0MsjDn1mb3UKjYZC733TEFxm4AsFItR-XdhMtTYcpjUKSuTP5zGK6IGVQ4fxJmZdRsNkbXBpuSlH76PIWIN7GXPpNWwl6sX5OQWDqBJC-02JVj8uNMlF9urdTpIF_YkHLD7p4sFKJ-0Im1d-wGrcfXbMmsfw7ykHeAHl31LPP-s9ZFJcuvvL87jeQRpjxQDc47qswtsHQNINJvH0djH7XjDB0LmeLD4d0bCyRDqyj4MT2CjXdC-U4jSoHYb2eRs5DVZk5x6nsOkMEFxe50sJzBdrgmxvZnFwkcrg2IYsNqgokIQHWPp0E-gGEHcNcfHIrSFqUCph5Adld5TI6_yLJwVCpsLQy9kiWpPQ_Fe_0DuVBF0gE0knmWHH-wajfJqLLaeSof6Fg2Ce7ophL2Cf4QR6jq3nLm4frr-2q8lgt5-gtxNP8_u79B7Gn8tUZ4H0EUL7DVBHMx582oeOwxZi9nhARAbAJK7cKlt_dWR70R5GQ79yL6-WhDSZVuvxjgcyBPbeEbpsknKzY6_YMAY_RSamTFmd1kpahqkSmhCQIi_T4yuhhICjoybAeoj4vql9Vgtn83dGXDb0-znWd8CxIBYENL1fgg-zEhs6UzBn4fMFxW0r29V72WZBD9KvfFb4FXdePwi8k1IFWiewkpiMb3SnbnQ9tmVn1M8
jkgQmFP895Ur2jYooDBvKUOGKeata4oK0ML0yGYt7eVDwuiHYSGIU_C4ti_uSS6apy5ArbnFDqeKgfuVted7iVKNhpQTn46G3C0sMRypT4HatoGuaHLPXQqyNFEtzJ9_RAasdLqEEvfAoCCftCEfeQbTZ8ygO5Mz9LpSwUQTreBgcc3Q5I1DovLt2hHOGQcuRce8YYnu1Ov3DNqk5UkeMQpw8ZpMsmR02rfrz-uUzwnPi3Aoh3CrIijoQL7_znTk8iUMG9a15jA_UNYABz3Vyt8q4QgkdXqc15TS1leI5HgURvUFIZXsj8Qo_KirR_CL4t_WQ9ou1GJe8xExQilcuUzjAeJStmnSMFVPbal-qv-QFzGvDApuzyQe7cOn6oa5A1QrIojLE2u1A-yM2XLMxOvBYMWiTEfh4bvkKOupW9gpQCt4_KuaYYX1O2CwKfMhovD0udGoB4C1fGJ953vy9Yurmwtcl3r-XIJAe3KihluoINP7W479M-lbCINTTPzDHVBOYR71x8VAQe6Dw7RGUoe5oI6LOows54lldruxknCZHY8agYqLDFt3pWUCwAQqztDE9GcTkWupS28o_I8St5vZG7ppJofX3w0IGu2eKtWeeHH1HzWuiegeWzw0MX88GGJmaPfbx-siND1nPjcDUgyI8ohi_2LCPAvbTL_IGHE,ophxTu32tn9-4GRUzJrpjcAAAnwNm1x_E-_JNixe3-cI3oS-K6t9KdxoS1BvK1EcBkajRajAJ5R4qZWNKNDyMUClx6SieAbS0jo_B79ZK4C0ovbKAH6En01YDx-t_5myvZifLFYVBhXwc4senjCf5sJ_Z9CqdqpG7sTu_yaagOWY5ziQ_fTe1ytTSj_fXKsVR9BlpVPoQ_tjThqUdY-6ASRwG3UQOFL7oqCQ4CPQpTRHHv6uyK2RYjxuUEeZylPEy_wRZomwhZkPNsGzlkJ_kvGMHdTdHlbw9cIkhvoDMesdD3LVXs2aqh0J1lPAypDu0BAFTLQQewmS8iQF_b2NlOqYjc86T4Km6-llroDLZkhRZUhBE1fwvZw_KGzTcM2nEGY-tpZ6ybjLu0n2zofP99a_bHI0bDW2VfyqdAaEzgJEejeCS_Bpfmgp_LmPPr3DCvKCVnEHRkeG6nRDHtyHf9ncu7xTsrGJ5t0-39bbwoDv13nIlzYf6-rexmHnA-s7CaXeUQ8j_r5o1Okurdvbt30qbaEhQ0BkXM_6kVs3jw_AumvPlwAE4bMFyOSegAUbargbJdhkrVVA1jaXswk2pe-Z_DujNA-kekab3A_oYy5LQLb_A7_oGCv1OwXHsWNGUwTyR_Prz4v8AehByQaZtG-b0ypsjH5dxbbQggkDecs
PfxTIEfC5iQoqPjIpDffWGl79pTaxu60giJqRe1HOQ41-LPrfd9a_GOHcyhpCCOQqk60tSmzG8aacHmhr5lKMCqV05kFUt71s6Z41LCOrUHFL40Oo--vyPUshTDUCV8KF4eflAKSrZ_VnFsQkWdoduiY-1tnrwR2T6PW0Aviwpuq-VUH4TtyYxFCTgjjAaL5_z-1ghBh_yt_zku9bVViXGFLpIJgIM1OQt6b0HIeNnu-HdZH2wu5iOs-4Mr0StKsB7qniMeWrMbIOd6kXNqRV2T570HV30aWn-qTcD1jGQYGnp1etxkc9Sex0T71iKW1og20hkbafzFJeUUAD25y9hVJLeNt_YNhXKEhnWx3b7BhYiKKdWhdvr-976Zezr8jMsVi7IM4ppJaUKH4owyu1bu2vzgCl_aCRSGHs3t0CBvg2sQ311PCXaJRhDhIIZpUOK0vDtTFpaDUbEHasHNkEp0iFoUAp3Dzj5t4tXQerguQfk8lHqJsCdOSmjNBIf6E9UqpEbQjVU-8IjqplpctRv02yxNfoB3_X1uCAX7SJ9tpfzPOnu-ofvccTgZmhE6ylR-JxWKvjz_2BDG82g5mynkmW5pevalUA5yEuCx74Lr5JZsOt-QE4_l4XR3mk7SFDXTeh5t1mvzoA8ogGrHktsVFqQYiTtJSx8u4H5mFKg0,wO3FuTZ3LM3w3NpSmsHbVNT1vIGJLuWY1pnE9rZ3Zd0X-IEvA-ExvlD7JTrk9Jxv_HuCCn8xNOtmlrTv9DZ0DYLEzN0X81rKt1XHRAeNVXAKNNO9WrA0Hsj7a29WaFdfSRlj8v5N1w9G2c42h2Enky0pAvPm9KK7Xku3NMHm3wLml7Cihq1RZIwNyo-QTKsTUBRh0NK5MMMefX1BpoiA33lGPH0ki3RNbgoygrkR0LbFDKLqlVGBh5O18o--5yc-Ngj0iNRFRtI3V61nrcjcp6LBM7gLeuR_ZCLTPGdoskDQ8nfdie_PTzvDzvl9yijxiRXWE0kk5lHUjpaRYuuQ1ErkjiUAO-VLeNRKfHrbcI9QrhTlvlqVlfCpFeBEsppCEEsy4fBXznxuxtggrFh8Og1pT0DjjXOOpCSNH0wZx0-oXF7A2hzAsXv1pfTSa0H4c76Xt1fVqo6eNoY16h21DQyyjGsROKo1jhcXGrlCKuhU3jnLkQTKjzbHxstzBQVCUf0HYAqqzz3eIrroLputjbk2LNQC6HlZW_8Bl_q0iXVXRu5aZ8KFagOcXQhkOAr93_EsBcPPA5G-waVsZwfPfz7T1xTjGLpW4ykiGTpH2435R2Ve2eGiDNek4hINVcYlxR07oHoxjigp9cumOmOsYMcPohHMIGggMHD-vYgEnPE
CTcEzCMLZQ2mYcmJmyWeo5H9OuLRBcuv1xLBCd1yBl3jDyby_NSIAcZtTlveFcK7-NtC2cUCCyH6DNgqT8j0YNxNDvksKAHX6yGeUrBQiFL4hGCk55UQi8bbYeS2ISWDtfXYztwiUdwIp2dwROwgQlDRETZAZ4Bd4PoGJlVWSPIjxjebUAJPsky68EcK4kcYnzUtnhwP3FUVfPc9G8R1QnybksxFAu1YF_jGqPttuvnyRD-CN8Gb6QFxfJhmwzKgEMptBanu-BEbO8LCpShIV6fTT3wgXAeIoVBIwYSm4gPlkHYa9HarGyZjzTFhTOkjPHP2BIR2XYUNKdU5R7FdN8DWJAbNIOGRbOI7kTJN_0VH_eNstqfRhhvBAv6F37tGnhTVD_5Z5lJC_rxQO1EStP2ltmu3hvHyFLboeHnpIFdBCtg9GVtsWb7HqxyRL7hE_kb4zV5zPKkYBjQUMnQrgFtRVylSW67f8EZ3h_12vYZv4rpHC0TA1rzZydqjMO87afTIq1jXGrweyDP289v2UGFiHoE_SQm6npa11bMxPBtjDg1IM4Zoz76ifvd3xIVIaqX2f97vjLLY7P-pcZ_9DHZM4RHHzifUDNOgJl1A6lscpAwHdQw7cp_vs8POUqjC_vXV_fLjsjEmpZ_jaq2DldXsjWpvfrs8QxPHQXzYcPE,oiHqCsp10EBC3RiMji-oFcVlq36HYp-307XhiDoJ_B_wxVDVxeksr3Ui3xWmIR-PmgHWRuKbtnuqX6x2GvH2e-v0wq9G-qE0_w3T-Y9_qcRRVOAppImsZDKHUZI4QYh2NxU3QWWrrjCntvisQQmZ91v4dalHDJR9B11sM7bWMc8Yt39yMbAiqOW2l6rY_pQZAKTQdxwYm2GDmpT6xk1Xwv8px0O5lyvpI_hl6_n_13M8NbBWR993CxoqwOB0gRWDogRhWh97wGUfzfGpUy0Pf07eQTCkfXSVp3-sJjyZtnutEpBclA4qEfk3Isd2AuaJETzKcPaPySAWvDurDZjzdv_T1ISNUftiKZdQYNtx4VfYfsyqCM8l3rx-qgs1cFXTorKUiio_r4p4rg1B-DzWYKecGa2V06FmZfdnV52GHSrok8BrWOImEcCCTJZnQeJy2J5mSNICilHbkGNNTV_j1WW1e_WXMyUpdrW3h03aUxN6BLXfPLOxaJ7gZeOFdZdakS91_O_ZHK48B5oZNyuans03Jiv6Kf5g8433243dUaCmJ1hd2zXVieMOZ1-Zml9oQSDJ9FaC_jSNABfIJVYhSHWODfEILuNZDE494RIjfYS-Xar_MgTnbvBGg1U78HzOnArNwP5-pans-rikbzlRBI_5zEvVdDHPVAJgNHB0ZRU
Sn6jSjpeLAa5Qkv7Ka4wp8DU_hFxm5LivQ7cq0NT2204ZmsEejm23ue0eYnXJwmD3lR-lvg4GT5UORFOuFlMxnOuJQHFJBbxp4AoInESUM5uNP-9XaTD-pfvnyw7LPwyje2qTOs7WbSHgCNUsE4ynyE3Xu-zhfgHEfxepcD9DNI2PmJ-6FG_fFvMzy7dhJPso67pTmmwdyCPOavZh7tXa_poxl3wR7o2QEqpEpwd11QXWKd1LrOaQPTAspr8cxJNTyq-zo4xiS-qcplji_gHKTcYz2PP-gL_8BqLXDsPOzsZOBvvgBZKESc4F0wUfQwso71-9J9HIeUOz-khfG-2tNe4Nv0xi9haRpYMTtLgm1L8Wa3GMbEHIpt7kZ_iNn9HVJ3NI4CHzAMWiwSE1jlNa_VJlc8PQvLs6wtAr6qTi62W-3u-NX90TMta8bYQD-K2h0zrLy2PbRzLWvlXAbl1tqn1IgBPgqkyeY0rtRWncTg7w4ZXzJ-HniVwP77gzri_kYwLfF4tw3rzM0K9ROQws5JdQj2AM-l0vXvpJAkD93LUvOyG-vCMlnR9gb3HEKHzePP6xXO-EJmEGU5USZKNkLYT9rOz5MZSDGekFKQxNm2bu3uEgpL3F6dUjIDcH0OUrJGth73_EGaLzPvv4De_tAVxRayCKUidK-jM190Sl7E,tqzGwwz5qg7oiHoRkmT5COmfeaXAC6ykZUk8fln49UiGv_51VcnB56qLSOeC7GWwzwhEx5Ah5pss7t2pq0pllPH1za6pBrHfqEZuw9_KKt9ba-yWv-gQrPaV72KFMWYgy_RHMLPWtQdBN5kdT_42SGfQnBhR0U-XS8yrpZtlxyzUV7kILdhmCNs5Y7cWFgxDh8MiVqUys0UJpIBBwSyQIQLyETgfcks_LuJxJ8iytL7zwfUXkGvR8w_1rVv3HTEmv3CuNHJLKtMb1OQJiU2CjmHQQgz80CYnS7z_8xLDZNf0uZTDcFSFmWhkd3Eoem3c4aNqnLSGMTIozxnnU-xTT_eohrQXkxyRvfbHygR42_dDnHnHIELsiqSg9vlbe4fohy7f1vZFAVLY9S7lpaBM9lVEY8iRAoZz5mq_poMH_ID5npyKtT0ccI0R90YdvGWvSq1WgxWVbGjennuFzHBwioy9tc16QfrJUru4Mn9HrbrvJy4RhbgDegcaZJ20ATVqnWX2I0A9_8QTg1-DmWZSrPD4Xvqc4oQGxakEeNEkDxUWGniBkJ7gdXlkg7jNXU1Espuah50q_h7vkKQG-J_5rUax5PKagHBtFvYkK0NHj3Plc-V6CkR12A3vqnOBK8SdiiLCXj9uHUAI_CkK9z_6mIdIyQUwI_-1BKNB_KphaB0
l4oShVOunD28tzBlfKWcciaOs4jiG6Mt9QoLEdLhNpL5MmSxfhy6byFU94kfVJjxWgQqRbGmSj-2OWVHQGq-XQXaRWTeA8OREd8jRM09NvWw73TTpG53e7AZHDzueOT8nrh5LyrGqfCuvgWmC0zgJHL4tsyb7eq4_zpH5EDOlcHV-Jsi78wZOGtf7ckJH_GPIlY5n4_7T2a8FwuR77P9H5M5WSDLcwpcpE69M1uV3aGNd5soO2jNbB3UyLsmBf7wwDWcr_tWC3dE0Jyuj0NgvpdO-Kkk5oJFd__9ZsUBEKe-v2XWFnDG9er4G7sQRCIQcRBDjROG2LkFbCV-JGFZ4ru4ABZqxMPyAYkVdLA9rFbUjqiaapNxkJcCHdEXa_bk_jxxEYQPen0iUDeNcutvALX39PcIxmtLqKysfWrwqNEcdQrSw0t8NNHrNjJhTkAPjOOl44vJlfEUHpLGMDsMCSkb1QkbYbDkr9QLp5oTkdRe4LXwYSMBXAKYv-3k5NcPdOdNZveGKYUAERpZ_EoDemmYZFzlCQ-gEoCs7nCT93EUID4o2684H47DkY6Y25DXQko3V9bDKJ9oIT6DAo1cRx8SnlQwKHfOf4HdnZbAr0Xd4OiRBkjE1_AsW2iwJNtE5htrfBfAPkN-xxn7G4jNJ6nmirWNnIa9wYbET24qYOE,qVBgexeY9hpK9aktZ3uwmFVfiqAFNxm0-ZecJGIvp1BDjHck385sLaE-KIGjjZ8n3GOb6E5ULuEdfGUST8YcJT1La2ncsbqMYgdgH6aoVpvW7Ti0ZxskyuDmVJajDJgoIspAUieAZpJeEX5ON4pbwnmOKLnsODR49vWwYAq38Y6EfC3U80s4QnSI3U5GKu99N90kM_iH7wwDEZZW23U7xJGR8kK3tgvrs_-HS1bS1UQL_yaHLgyBwOOwekmmfA93GUCo3hI93817ChWvdTORDbrNBeXJ5alQk8ObbSpBFnfw7JSiBWGx_htEcTb5-BggJAwam0jxHvzPf8xoMFWL0TH9YqirclpvnsRNjHzdNAcIoVRUDf_Pb4nhHmOELY8kLOgzQoBpZMTIdGH_YpihKJg264KbckFG3WDXNQaVD91iv8sVMcYb_tN6OYdc09OZNf4B_51f5jqZYaYRaJG7lM3eq9f5S02O4bWFrKXsT4AB2U886lfslriBBguLg5n5T7fSQ3zu_zceGFJd_hYrx92tceH1e7-xRFJdZ6ULU3rm8JhDpMUCWZjKTgQvoftVEOSiW0TFh7SoVD_nN90RiNXnSfb5TFuGsHYaFXtYI9k0ZM-W4BNlLLKvpTqR59Z38lufGugAWJ02KAk1BZGm91es7n1k0eU2rIZz8sxfWFE
2m8ua4JgwHR-xozgBDUR6HZC7XCV0_bC8F7-33a_BqxQzRFcyJbsDhVHwOLp0Yz5VPaFBV0nTqrBxg4SgFnI69i5A7Pu7VZhDULwxgIRnYFk9mSC-NPDSSsyYq87lYW4uz7Razg9LrT1cyXReCZaKRdkJAmoGDjiBqsUItCEx9nr1HmE4Tisxt-b-WmNWZZtZTtz6zJtYln26VhQgMP1-BtqcH02xq_-qavOxvjkZElYoGwhat9wiy90wGyWz0GH3NBxEqkDBE6jKZ7k9L2M0GbJpR3BhHKLXmEIjEZ8_EiIn1acvVlPMZaEkeUCDdAa7ylHa36SKJkeHDgUic0-z9c-FNfmM-moExPQvrRXNIQJujbbL8NDkUEUcYts7zYbtHWK7TvLKlUXCdC_6MzDlhou2LlgnWzFjpAPfIvPu2i2NUfTWqU9Az1FGhZ5l8p1TtDPntCEVbTka0Vp27FR11A_zi1giGONf9WCNSjp7kcuNLSPBFCOJmLQmt-uUyaBko1wEM2UXGK_t56zZL2YsTnTEnXvia9GYW6iqR7atL9dyhkSC9iX5OB2nov79IBy8ij_ZfBl_chWowKddqZJvBDI51NC6GdIvnlY5uNw6iwzk25MBqqYIVcCV5EOij6oDpZ61yN872fo-VrBMpxQAPgOkmEDyVNnfGoq2GRLIEE,6Oy3KFPhhwd8Jm7C5DkXB4ncKoDXdZs2M7dqT8PNPlb41g0hEcWBW1wqsGpbXk3yoWKXJeeyHgUEqnBXoIM0Qv73JHIvQgKfvn1PQg9BSE2ea34U4JhDDxZ-Oxdi4APQgV1dNjUOF1EwQCzegapfFINpGR0zEOqZ1EnSTpy7WqBnxKnJ4dlFl30Lg1jsJ1rCgliq2zkE5aMQ4_CdZORgsTwP1gaO7ncdrrLhoS11mGBhZL8plM0j4MreOS-4_fB7acjWme5Nz7nThonDxc6aopHJnRbdMuPQiUYVRjXHuS8sbmhcbwEM5X259WbIt_W6upj7fc0dAGn1otgLaWB84RDyyURHQsUX6LZzCbEIWc__Wccv5gL5UyfZ_ei72ilJTOZ1Oi8V0gnBzn3mMTrjvgV0GKsEm0GqmZ9q6g17SY1714TyIkyJqYPt9iiyWKOxMjok2Ie_KyVzVGe3fjFxO8nrsY7pciPyVWuoBupt-pgNKOOcSCV6CzXHkt7eQvgCxizYKN_aevQVTdphz2TYfPMfQ4_whz_u5--a7yHRKQlWgrr1iM6JJ5UaZx7sp31ITqiNfF_tkfv1kY6PSjGs_HpNh4VLwNxSonmxxUuKWc7a3J0DJnLgChJWQW9uGOGjdSqy447sCTlQN7F_SNg9RYZM5Zq2STMsv5KimU0rYXc
Ke_uRIiC5ZWJJbQNKZDKbh4tbav6MSeWeiYdP1CuGKmYGU1c3u9nnewQyDvTAPXlCI4Sy4v4wgJfsE2NlvQn5JYzZeJ-f6ze2YLeSbXk9Bcki64FeB7oc60MfFZXTVmqzYZ810h1ODNxK_5Nul6wz9dRL4l5Lsgay1hWyGe7sd2tw3yA-SqAorm5N5DqDilEjmybf2klS-TVP0WEPGUomrCSr4tuMRNFkdPm_x8bNvgxFo0UOiD_L8xqPzVsCceMvIbtH50NlrTqioO6ktSemTIz-l_g2xYTqk8MjsqFw5bL9HzqtGy01MBU8OSWGG4_4sw43WAJBMBkBwmhGsRLs1hLsh5LX1wvbGk_d2Axg26fJOR2KE4pm90LrKYnM1oPiBsJ6c8kLhfb625z8UgUl5XVYcZAuLGUjgRjSNi2dxc9q9904x9TGBIL_C-CuzoPFj47dOSNvastFZwpG6otn-kKZwBmkDH17aevrRBp6TXnapnafLQsAYECFHYEBeJOvtgdghSXjLqweLtvzxK0z9nXYW3ivtAEb7KDEI20GLqPpIzgLFfdmTSo9iHGHtxDZvfsFjMUuK5ZOnoOiwYypoHvgr3RNha6lnDRakOjaX15lLMqxtiPSlvvlp686JfX-JSj2UcFWAAArsG9ngQRqxHc8Ub0mdDyKe23QFeHuQE,tucdiDtegmKd958OYJDTxxvwAiGSZmeEWEbaFVoxIkXYaLvT7Lp-xR5FG2c6epz15Yjezct7i_BvBnjsVKC9kFt-ncZu0rGIglXk7RSEKtxxW_T9CkrKZEP-mBXdqic-y7LtJaANR6hOC2S_RahXqZ8Bvmhb6lrvsC_hZpbVlim06u2HJk_3sirFSkBJ6mLn5tdgVoTtSs7YkIB0X6Gxyp6h9zoekr8cdOtHG-WzycGJWqDg5khIGpWisPpK70e54NA6Dttf-ScKiKuumxBuwUvi8xWVBnWr0uvZPh14KlKJ3JpbjyC2saE5QY9l41Ys2FsExmMxrNrPMfkoq_YOBn9918gbbMzuK0pHX3rVrgHHQp0XC1-Wf37j7u-DhwShBhgQcqf3yipr5lKZpRL3nRH3Xl0zZOcNuDFR85me9XEjxmi7-G5C-VzU0-wv2bBsHetQic8zbyQHwq8lQS55kvsvBas2sN7tbYwPTqra5-6jkvz_jPwfykpGb1EzFoo3ACJtDYY6FnX2SBWn1aNp4NKUlvMFnkgBlhdFtw0t20y3t9tOk2NvDmP8JSugLK4On-Dtj4nvqkaczMy1edwQLv1Dq8PPxfMSvNrFCr7KcTaJ1LIJnuqySWqL85PwC-sdqcF0UbWkqOJj66SK41qJrRd_ePmbfg7m9EjW9FvmcKc
