RLpnaYCUAVflbKbi3aMc2sR5jobpu713D7YdzHH5NeA,1000000
VKjpbTkJ6maXgHriZjqng4COt8mLUNLclSYJd-fX2Wo,1000000
UQZtiRS1_Wj0h06_bD-5QHA_jFJCGT0UYt-5pfGKmwQ,1000000
_RKapuaR29RcYIfZQ8LodR3b5N6497NwqFhQpoyvhEk,1000000
8AB0BVy6Or732CrGuUT3THmd-jkS_q2yFslRz92141A,1000000
T85IwMDJoYzFAQBjnhW6njpK12lZiTiUSBoaQGT7g0c,1000000
E_F_nByspOa70zkKX21hYewW5Tqq-RnVWSesKkuaY-k,1000000
WjRAzSvotAY5pcckEQaEc7gETsLVApMYfUm3CE_jwM8,1000000
Wz2fwHe9YIlnjw0kiMFFt2aQzrtb0YBOwuVhLL3bZEw,1000000
Lj68KsdIzpfvYGHOrfHnMFOt9pGEYShs6ThQ8YwCIcM,1000000
DI03U_aYBE41m6rr54MzJWg58ECZjmZqSknHD9eVHRA,1000000
YXjI8zh5dxlZ5hCOHQa64GH7yeU84if9Mk5QMHe53Oo,1000000
k9Gc_oaclv3F1vEJi3cHpVp0UejGr6YCvCKcyb9rMlA,1000000
2IavcReg0fVNcRF6K0lYndj_-oCIv75pYTqqLuNnsrM,1000000
hlylSXGibW3HhnKjxDssV3DEQN2rJM3VW08NcBYsUAE,1000000
MaFLytSttDrHAr9s1CqHIrBXksFdianIZ0Ew_eHWi84,1000000
biE8f1xL5RNmIRj0OJd0P5P3FzCh_PZleYMeSx_J7g8,1000000
Kca86DzH4S_G7DGFIE11q_xi7cES8FrbeKr05Z1ynI4,1000000
ozWjFIyCPeU8YKaNK59f2SR37FuhHsdx-RcnjQOMQSw,1000000
prZerlJG19nVAwchZybjjOo_9qz1SXyfFlsnv__iXII,1000000
RxwJLrK3-qFDfxFb7i63BoCDg8UKtQh1XSUZ5rIkW5M,1000000
kzXhgP7ri-mulF_1Avu_wtOFZwLVV54dcF_rNanON34,1000000
EQFLb-Khc1gE0Bj1gg7WieQeCHcEkCW7NCknCM0p_II,1000000
zVjComP-uqtismqOWCE2z-oAemecnbnPm1rMzzsumFM,1000000
h5-HBdqWEGRTj3dwWrVPm60ARFrPgEQEGFIE9jT1XUs,1000000
Ddmjs1pv0GNZvpdrMwzmgXVZJ9mucrCfDHUS-jZ_3Kg,1000000
zDRcZe7bqgB32bK3gXG-8s42tYE8nNetL8iMNRf26EY,1000000
yv8BPV6Cwi17ywrZqnoiVLb807Xio-qPigecjB3w-bE,1000000
BUNUSClcmADno4TlGCpWmC_3Zv7grKjEL01nax4kytI,1000000
mhEdiidBpxfgHGer1PrbhY8-UiwEIJSqy8PIqKYoQM0,1000000
w1IVzTySGFsTjiNB63Teg2IlD80w_-z1sBYkqn_zhBE,1000000
__5JwNA0y7aQEDkjHwuDoeFG5s1vvLgCoHsfdJJTo4Q,1000000
oj69l5VpOWlwiamkqYtJXR5zQYsIoUGUPiq4eDIaINc,1000000
a2AzLWm9u8oX_TiQrRgQMcpZGpmjyOUUA4HtVfdDEyI,1000000
i_c8BBYFS5e_aJ_P17rgyYf0p1WCFBRnMGOI75HCMgM,1000000
7aHm8NGKp0fKqJeB8CLxZX1XzYm7Ux4Tgc5IA8HBWJk,1000000
R4x0kqrCRk7uqNmB7Jozhjy6SG4GvEwWt_hVmyeTlCc,1000000
lxh8fIGK6b4msitte-yWBOdgcifSeOcAEsvQuFGayzA,1000000
pJQudVMjhEi64Ak8tdnBt_Do-fK2IThepImkyBwVcrc,1000000
UL_mUTDH79j1lpxyAGa7sNfwCyorW8LPLRESc-OKkpM,1000000
X7R4Lei5IkGmV47UHLFL53tgCJXVPsv8YSfg56Ipfwo,1000000
IMuz23rfCQyptQfsg3UGjSfkKrZ3auPTDlW1vZCJVcQ,1000000
4BkEmKoTOdfAaHuMbYnL0Vchr67ODsfA9cdMlrIU1u0,1000000
0g7HRrU9Nypdd__zy4OGKi6_6nqJPQsytsvB16BDdNg,1000000
42EM00B2Avc_LE9lN6hvcL0zG8ZS4QMFTfHidldWgSI,1000000
zgDl5YAMhyJ1VKW4QbILvvSfTH4gDiOrRKMnqpoo_so,1000000
igsmLxpvYu2-cO38C6PIhNBQGwoGjEWQwsXRWvD5evI,1000000
9LSKlgOkI2VaZlVzE0fn4SY0Xs39MdaOs4oMj-DQVyE,1000000
753mFIyfGr-sx8FUTP9ig0lwLCOGi32QOldjZbWqoFc,1000000
VHDZqgi0dXXsqnA2XrGtKarriKX8EF7BuQ8qq772fvM,1000000
N5cTzJ53pM2449CPnTVCq66ne0I90Q66iDvFfxxmZbk,1000000
gZlWipiiglFD-PgYxIi6S-OfJnkj0UP-YG8kKhXKrgQ,1000000
BoUEYExnmTDE8DxlO4_ra0C0bvppRGYCDHRZlDxESRI,1000000
xKklj8RWxgYAi75Yw9dq9gipHGbBIE35M8h-OIgenQk,1000000
UnPGUGFCLG8qtq-xHKRm7OtiSm1IGpwxX937t1qxHnk,1000000
u3TUKAU_o9Jx3yYr0mT4hJ1Jwh12Aee1jiWJP25yFSU,1000000
OzgBVR-ynBkYBhWlHv83BB-ASaAH75RlXG0QnppSCZU,1000000
1-x3BgTRzE9lJ9j9yhTw-Z3D3ldjtVfKTKQSHBgeqMY,1000000
ms28eranzJSHwitEVKWRhf_RHNSXfAFncEBAKuyqV1I,1000000
_poYTo95S8zbWnT_uVi-en_xWMSZfY9HAdXq6GR-tfw,1000000
2mCGRvUaSNnkndWiWA5443wtkd2-o9mVEkdWrwaYUWE,1000000
hX-LAMJ1fgvMpA9S2vJQFEyRe2BO9Vwak6pj-TVrgxk,1000000
IK6BHmttmPm916Ljo2Nw1rREoPq-iiATac9pPCmt2-E,1000000
nnqyWPhhHVwptvtHy-9jC3CYRvfievU6O0qgSXkgqKc,1000000
Dt5usu2krBJJJzv83HzkWAZRkfWPN0JyJofH2IKoptw,1000000
PrasoqPV_LgvZwBU55MJb2SscIdb7ccz3fo5sq9Q2RE,1000000
pRXbSS4IpgNYEbDtNk-XIYZGxNHGyx9kR6tPSZfeTRg,1000000
gzDK30t-xjxDGoIzNtKxTUBExKP16SkHreZBmrokqAg,1000000
Lu7ZHfmRTt13a-g5-Th2fmTNLN6_YRjoM_kyX4e0cYo,1000000
c6xv6b1GQsnmRLNrlwlL4E4sEzgytXXfvHyU_GU6MCQ,1000000
rGVH68ADiwcds_4IdK-p7hyidTzZ2urrRvuqS4Uqq80,1000000
oSVAtmyu0ECOay0z2Lqo41Gg1qycCrWPCy5Au0e6Z4s,1000000
sGwqReO3maGqV4Hc2p4gJO1eETFV5gB75Pr_EnupSY4,1000000
vP6Cdsc6kSkuU2T8kuqG77Z-vG1a6vYjZGxVw9F_YiQ,1000000
kHNHtCAw4chWh-fxZ0-QozsArITetGkwaky8Rrw6QNs,1000000
ik6p2qBDVrB7UQeQBPpsSJfuZ8Wbunu0mjTZW35hs7E,1000000
W_Mzb9rrhq7C_TTETsWv3esLfgMG4pUTxKDKGVx19Xs,1000000
F--DbZMg68twh7Nk37aF-adLnPWTxA-iXch100rhBsQ,1000000
1xoFP4py7txOHEC2pVQ6nf_yGEc3Jb4G8mXwXuxdXdQ,1000000
v5VSJ7y3LrLxFAWFnXPmIPRIGv1zZ8om95DJ8OHYFvU,1000000
8tm57zkXVz9CSQGNnZX2BMbm9NukPmzqzTuz6BT2UL0,1000000
KNH2B9Pml2d1VpvzViD2hBn3FoHNtbfgOz4ziyqufkc,1000000
o1hPcWDZN6rn66N-6EOwVwtfk-FYpsPJhmzJfP8P2Sg,1000000
WX8Kp0IGsmL2S8sRTzg4kk0mzBTIQPt4niiFI0WyMF0,1000000
udriIn6gi1wNv5WFQYSo6F2kz4W7GkpGhi88-bh-R_Q,1000000
WbQEoSNP2xZLakCDFrxgHvZQEQzpAPiIVxdlmh23Xe8,1000000
HHkPFRIaUOBNZcCBKxnj2uwIBq7pVec8T9yL9oCPrEg,1000000
Tpc_vPgaOJQSbkDG4MlYHgQbAUzI6QohD_1s0pdbcPQ,1000000
oM_fWd_uZ5Xi1ryz9HHmoUyU5_NLrYmaR4V4A2jqH-8,1000000
5VV3CKrVsq_EUlZFg9sAkmxqQMjDK-uTq4NVf-n0hhk,1000000
YpfNWGdO4zDYfmJEPbUZC4dfIIKlCvc1svu5UK93ZOo,1000000
9aX1eFDPBFork3QkhTkWPbtuKE3GmDElEwH9pn6hg1I,1000000
SESUpq-iNpz-2TTp6lQIjj85kk35GN0mAwN_ZmG-2J8,1000000
kSJiocDME5N24a2xfYz-N2qbuSogZFENMx1w5vhmR1M,1000000
7U70DLrZtBhSeqBDgPA11wLMxcXUC-eHw2pqrQPljy0,1000000
VoAr80eIgEpZI_tZ1pDGlJGvo0y8FXSHxAW00daiwqA,1000000
qN-NGIrKf7GoIcCcBVl5ntDnaijp-PTTP-C39Q0Zghc,1000000
CbtVuDnCYC9RzjzJwIerJf7-2YDq8tNcxU8toT_91lA,1000000
rImV9fUxk38ttwEUxS1p8ooVkEl4Rso5Eq8snSZm_Ao,1000000
PmYyedf58ob14tbALZOENKshkRuoWBa8VIxh_7u6UnE,1000000
9M2OYwVQA5db0tetK5zH_MjX2yo6fk-Clbj3ZgnbEUk,1000000
sudPoRrG0Msdhq-F4Nzr6x_CU1KCge8Xg591srsdFTg,1000000
ecP2I-uMq-RhQPEyvaNLIFiI2CMatAr-rqwoRzet0Jk,1000000
ubKHgKyJH3EVeallGzsKKLFFqgnbZW_iPSKxu1TIm0g,1000000
LFSjW0sOIlJl6yOJGFRzF14lU3frRbFfnbmS8ma4Efg,1000000
ZmskFje09n2629UUECpsH9bsbTlD_2glzJvO-u0biPA,1000000
mEIOb5b55PN7N7LPHIjtgajrRBLwFxWNR8Lw17qV5sQ,1000000
kKPmtPYVrP5Yk8DEOiA35BImTPAqChi6WQVEPuccyhY,1000000
nKdHQHdp6vjp0GUz_ovYaAAiEV8Dra7kN1YBBhd06-0,1000000
-OdH2PmjvDxbU0s7WUwkgCwkOfJhdLYCybmynSQr4MQ,1000000
nQuxGfpgRKSjjdYJJZzcgGDLqXzJya2Qs2VJKc62Jw0,1000000
xnnzhOp2fodjoMeh2iEf06wibRR29UPCygJvlGpg854,1000000
7tUA7ajlp7sIgHXfDZO5e6XXYqIO0GyFVFvaJQvMO9A,1000000
UlT-gOrRuJpPHqk2Q8q64GgEsfKpgAfkWIrZbWrLrKk,1000000
5wUnwVGkeg8d0btBcvvnNuJollyMrgEnFQPsscXe8RY,1000000
UhBL4ND3bW2v458fNWamr-bCXkTdLDZGv9nBYAzs3U8,1000000
zIhAf2Yjm5X-ciVo1cqb0pB1DKOZ1esslIiL0fJbx_s,1000000
IJmdmNo8oua4WIUpQ-odE_KucR-IV0TU-EwUnPpduks,1000000
vnRzINFvVvXnB7iNYbRTPLo8HzgZUx-r8RVK6OfxsK4,1000000
OBXrUe_4sHZatFQ142FihY6i_RocNRJ6Iq3qwqQlCzA,1000000
HAuQwIXs1uwO688nk6161UKCXxEAAWlwxlZSg_5pYbo,1000000
_tr2pYIrxyRfHeJ01qZb62t2BK81vcD9pfPjv8SLqsU,1000000
nwF_XeJjl5bgQdYpdfNJMyjEIRd82W96MdoeEIdPLU8,1000000
zoI1uW5jkwGXIcKbi93Q5l4pch1gfeaFiMCPjo1R3r0,1000000
yybl8jJfk_ywkMH40XKP_eMAZECPKNA8LubG3BBZhT0,1000000
zREdWjr1mfnZWZcChUfivsSVng2pfm-FABsV87sMvJQ,1000000
gmNsUPgTndbHgvrQGbBuMx49aMYalOyXCtF7Hw13l98,1000000
bSUIFowg_-UxqjCatPKRHagM_I9y0WUSGm0OuTlf1IE,1000000
T3tA7fV-I3abesumJKR89nKmhMaEXwn57CHoqCUtMTg,1000000
McV_ZIcBEwyiu8eYw8dHIXpMvWG8JIkiN9pQItJAFeg,1000000
jsW4nVL83aYO66fy8saquWb4o_Zr9jzEw_Xi5G3NyIE,1000000
Gr-mZwDVCEDfu8iCTSYMTrlyEjmOiMTpW1d72sKl0XM,1000000
V2JrrxIBiOPdVeYWawMAaQ9AvwxKwexZnAfiNgM860o,1000000
L4NyD_hgcfxAthYoTrQKZ53yAq1SGPW-xaD9aGFzTIA,1000000
_g6LcZYZqRUU2PH_1HAluGjFvfMIXiuzh2Fe_Lp8xTM,1000000
17eE47oPHzaYoOcjScA3WYhFbsYgDYgbg7tcBAxv6uI,1000000
W8P1hA5sJOxJv6qC2Lb7NPDdd1q38buC8CwmtIiveH0,1000000
dPQEFMtIhsyPCe_mB1weBiabf2CF4M9TFhAptDXQlU8,1000000
rSACICkJnS9-cMhvjRjvIxppqecnUh19JVt3RVYnxnA,1000000
nRaN5BDB7Pk4VnlL_AZ2prxMzpR6APUBuKGtuZNLCfg,1000000
dLZRclQSaKNXbKdYSLB8Tlsm-ElSwKkjxd5QI2U0Mmc,1000000
GPzC-p7S11YQW7Ld5KaMoYP_wCdUVtQLLkS7yzI1sUk,1000000
1adjHVT00hK18Hiv6DBjyklq_pge6n39YqZPDIBhwZQ,1000000
jSwoFTCjglIz1Oz0XCCXFTXL8MlLw7X4_dsi3L3S_eY,1000000
FiVsBGvkQqpHjBPj5IwkDReY96nWgbUI4NgmN9bdhNo,1000000
SfEicHRnyQ1oYcwyVdFxjeuSw-sE0hHpsVSlGeiyoDE,1000000
8lm-DSSeFLK6te3BZTtkfOXxEYtbihgEOPm11dGXZQM,1000000
SJ-3m4TMrEb-m9r2-3KLkC8o57UAqSS4c7J2dE2E_qM,1000000
J5SZkqrcNGTx1NxPA5eshiBa_Xl4Tjyz5RcqKUASMIk,1000000
kpJLBxm3KpkOE93iS05JBrLqQPxK7aEAE6Ve5JxDRr4,1000000
G80L615Kqre7sdTRVe1x2s_ggms7tRdWbNmCV_RhXtQ,1000000
sQ-CMPszgErbbXATFTdmyDgQ5izqhBxiO3oGc9GtC_k,1000000
3plTSGylpv6hWNcS4HVlcdxRZ2BPjtOo9vFgZnFcynM,1000000
FopjTaXXFyw8rO5IBG9p_govuoZHZaL1LmLsCPGfriM,1000000
ShaeonJgBY76ZJtfDQrtz366SgJU9uobwVqhBNEhleA,1000000
7SMmqwh4qgCQZonXA1FPKBeSRWEpIGpJxd449d20XyQ,1000000
JwVRTJ8vhoq66KHfbF2seoQWUzRBvaMGAg3_qCG6r2c,1000000
sndFycFo8mEKhnhF3wSkw08qRGvE8AWDRLzwgqBsoc0,1000000
6LLdnM9oVHad9KJkTuDk57xne0BBVcHJOO-LtU1TcBQ,1000000
Br7DP2Ii-GtfNvMI4ortwfztXkd-aDU017O7MJoZq1M,1000000
hw1qzM1Nlg2SMxaJzHXDbeZVnQ26VRcsz_B-hF0LL-A,1000000
XVOFdeUGb7IKVAq-AweB4O6YguyuDzyHks5q3PKVcJk,1000000
4JfnU8dm3IAEWeTPFfYxT1nTPYSfcWDGo-XTPrJfDoE,1000000
JAD_wDb3jgxgDbziFaxWTTBx9kXluY_VGfxibTsoYDw,1000000
gwPT3RgkC_4biBRP1xJYWE7489BfJVdFgVHxam7AQAg,1000000
ENS5iS0BtfmSvkuT-n7wZm5maOfE63LFifY7LfISzww,1000000
RpYy_KcPmx1Qsb8LXTeMHaVLNwbjPODwVjHqVskI4pc,1000000
FJChrCi4BXkpThrgD9Jt0jfCmnRnx3BPcC8dW11t_IM,1000000
P7KLlZLo1VlwYWk-0rTByOYBlNTbhIR9KQaHYVK_cYU,1000000
lCSs2HBRWM_ptxljaqafmDvSjNNmSu2AOFi4QuomhVU,1000000
-ADAbb4Pbtb-Rjc1_AM_RFNtR709w8BmAASLxwmqAH0,1000000
FQOxwd7wbG1h1j4r5eSlpv38XXfFuZGPswyhnXP_jAI,1000000
GCnV2vLt0wlVKNkG4A2cNFhUz6eI2GYFaFl1L39lkSE,1000000
77xWwfAi4s8w6-VUwDnUd1kWEZgbDMc3Yfr-etwhdpA,1000000
ahfQ-kppvbOHNYvT7MsizkGhkeNGZc0jFXIRGT46aBw,1000000
cj-HsixLPwWmoMvyxb5y90ijaiNWGhnwwVGcFFXPcc0,1000000
9iIh5BKiArwLviiMEK3_jwCIU4lFFAgHSpJK82eTTxU,1000000
PknICB0LSChwPc712p971acYvfNRZXNht_25p_JRNf8,1000000
jY2czsCyaN31LwW80xsu7SUXEnlXg-W_33ju_jId8_A,1000000
pL0UsGnBg5IVmCxGwQ-WeQAZ54KfeuC3S3tzsrP_F0w,1000000
H4UM1EWwz7gyQaL6AoUMLI-mcJxvgQIx5VkRNvmaQ1Y,1000000
ypmDgiSOp8I6Emu3GRXacXOj8chUCldSKeRZEZvO3Mo,1000000
nuDSodfa5nIltYyO32zn_vs1kDuo5PTOVgJZLVr61w0,1000000
jDgOPDd7wHVLtN-rvIb5nQh3MuL0AhrkhSCDlBxmzWY,1000000
S47yMPr9LQx5unx6S7YEUr6jCNjlzf93mj3jxt9G80M,1000000
u5G1n1mGNx1-NGh2qbErCmuLVgX-lNOcpg6U7QEBWhM,1000000
I18WnMUZ9WyzxiKqvUmk8jcIjl-93bqGbiHWhOWJres,1000000
QqvE_gHyXvC5-znt0m4IzEHOxcwnpwNWtUpAXqk7nJE,1000000
4WliNxWkJxOPWgI7cRqDo1K2MrNUkHLLDbI4Zn-xwIQ,1000000
IxItiuiMyMi79nbzvhrwatiPO2iy9HSc6L5DvtRQOGk,1000000
OxvbpSUuR5fyxziB88lgt08t7v7sH0PknhupAbMT_9U,1000000
w9QTwMBtxHODSxATzTw6gure4YW0GRExMXmRTRDR3Mc,1000000
Te1I-cCWlfFnoMFCAZnE8rwiiCSo3A4nXdibaIBxAlQ,1000000
0p0nyTWB1fmD2_Ijk8AvmB0CO69DCTvAMuKk6AwCiU4,1000000
SZ8QyMj_LuGTkOhS1pQK1OHlRcie94cuLIShr-oVYAQ,1000000
M3MRekOsCIsQG0quPCDsKCxdglQof0IcozC5eARmkgE,1000000
6MLZRil6vPpIWzwTejzGMob1DrjJ2MnHf91gONX4ETk,1000000
R0Gwi8cQ8E5EX9DoM_WtnaNyqyYuloy77jJLE0MHRe0,1000000
cOSNfSIvkIX6rbSiH4uhMYw8NeLqKcCw9ElcwYSZZ40,1000000
f7KTL3bwg2fVCSGDDOV5A3pDZ-FXLNjkLuBshxZt57s,1000000
