YaWA7ZhpNNiE_h8wYWiR9CHZ0fNprrdYlvqMg2kr_oY,100000
eZUX3x-PVNQth-U8APNH28SEkJ3B5d_0NQQ0sUmwH0k,100000
s1BSJI_58-151xoV5Ed6p3589bf09JCPw1kJ421t4os,100000
FAO2kzRviKXc3CIjGrPvZBY7WeC54bDnG3UQpZz56Ug,100000
AL5bM0nM3cb-yWxhlvqr3cipTerpl-8qjlpMZboWuuU,100000
WVZS7gulelBS_0XVWJxke5V5nAvaCf0w09mu4M_AbFo,100000
Rr4zI9DehKsG3g7ASYKOp9b3REwK6ch-K9bhtk5Zyog,100000
hHRBQFl-LB9NysdcKp6x2NcL8xzPfdsoC6dyllOC5Uc,100000
xuV1p7S8FFn4tj-fjgydZD1UdoTstu19cDdOpJ__Qyo,100000
JqwIBdgzUL7EoxIFkLMJh-haJ0YhmPno4SM1zT1P6gI,100000
JgMvMTXEw7g6q2dOzO-60M86HblGXYXmK6NkMFBMYbg,100000
PdExigxolhAMzR-ayBI0JJcQjM_J7cBCUv91_PNxBig,100000
vcDdvYf-Xm9MBDO-7f674vE4hjOZwhXneFZfuLGjTAs,100000
HXS05jfe8SUgtqnaJ7cgBe3LBK_kiVIsFrj2Oe_0EuY,100000
Er1sUW1YgIm-ALbZ_qLH_3Azd41fer-_9nH5g42Wv5Y,100000
NozAy8OM1qjWIMyYcHjLDYtgHkBqgqKudlICyEP62RU,100000
HKRsez1U8OvZAzYSzGwatQ0bLmnRHdvGm1osJYtU278,100000
dRx5dziGUNNtTdSemIxZwQJOnkVVYyfEQNw5mLWHjsM,100000
ghqR-A0076PqnYO84fWj2KCXn3O22JvOgTU9HxWCFcU,100000
p0xxTtRdgNPI9zyAPspZDXI_3fKGVYyn_l-eRtWYDG8,100000
gEPyxwWr_ehQjvaD9VgYshoZcZpG697Z8-Hvisoj8V0,100000
xljHr1vaop-iX9B65k336T2SyWieigtjUSmREHujEmA,100000
qi5jFyVhJrcS45HkG-wdvukxOlVISL6JPd5KB3iIvJM,100000
YYO8Cxqz81wEyNCbavHhFK2LxZvOvDXJWqrLAbjxF1A,100000
Y4PkdzXV50-2cARGf9NhVd4kCVlhEdJvFwsGFW4tyfc,100000
5rW5FLp8kY4vSBcZ1dX7Xv0S-cC6Xok3G7g2DQMBkao,100000
Q2bfyGaYuh5kgRh_55wETu7VNn23WE3-CqbVX5ezh3I,100000
N1EB72-FEJq-IMWrhXTbVIQwKB6UfxN6ePdk06jQ97E,100000
WgV_x78rOvipprA-oO3brGFmhzQ5soEHsz2ZFEnYWd0,100000
tLkPYMdUevh0dOcdp1MBxwv1ugIxmIEsN-Mg_oW0Xhw,100000
NNanwgsOFAIoLVScLp4hI7s3AH22X2F9y4UciRBV7rA,100000
V6G6fZT4OCE3wKsAuy0D1Ubvx4XNSqFoVvFC2tkxsbw,100000
WPB-7OngQt0vj3SwBDOvpnXy9HcVtTAQaskwD-5I-kc,100000
pAg2nXhfX9Z_MI3zvBxrUE0lYE-6c92-Ukub3z0VNoc,100000
n9BJeVmMQvH3cv3lx-z1_2ZEKwpLTtZL3mX1X-XEkVE,100000
eaEIrUM8VUo76mTY7dyOQQTYKHZu-seCfnaNp-SpWZY,100000
V--KnZ0Iq5atP0zHitsGJyeGP-3itE9iKhfgQ4OCr7k,100000
5odgBLQk9varjhIYF-0ZD7gf3lzPr1woFlQtIanN800,100000
YAz_B6VeWTjL4R3AXqK3arEtA6PzUt7TTtamSp0KS5k,100000
4Rtjb83GDQfCo7138x64CosWcFizwyDmM-CKeDt93pA,100000
lH42QnW4xW44fa9eE9LL8NqBgMUeCcT5Nz0LoRnbxAU,100000
vLSvn5M21JlPcKAzvcnZbKCamYiPp3hHRndVP2KCT8A,100000
3ujAWw6fCa3D9rJTKC4eBmQwNmGVeb-wmGUpejBM7NM,100000
kYLOUWwRu4WhjPku-P__TOQqi767rSF_v_bwaH6Beo0,100000
uHmZez_09pg_uiv3ee1KjklrwnR01mtI4RL0q43iS14,100000
tN08TH6UR--rdoS1V2RPKRrrN3Wp6tQMeUp9NqYbis4,100000
sU4AF7zUMFe1tVHprB-CnQ4zFZKU3qmSS9FyFVBQ9-Y,100000
FjzcJjiXhRLxuJquIA4LdQG1ZKeEHidvHFVTxP9HZ4A,100000
KNYLhHPA4Lwbzu8yBygk_ulntcrpNi5F7HXASc0ljdg,100000
C_bkulS-DSpBLlViItMhaCVnb2S_eNiCISuAV1_X1e0,100000
ayO8POFu6MN490Ynq21J180nIVUEhK058FK3tKskGXU,100000
DI-mcMIyReCqbxiUNqjVkOEUbg5jZxtrC6dY4pp4Udg,100000
uCxZw-TqQtmdoBrJpSzfZZTLVHvGYWJx_57cMTSfK_A,100000
-6_H0nHLaSJcmWQhoMoEzBfDUp0FoX3o2KC0H-llh8g,100000
DQe4EyeAqgzEx0TsaHmhFvozP8FO9dYi0j6eOvGXJ3M,100000
SRxlg3twQUckGBXZNCWk2S35gSYHJ5EPVJ3LJ8g2-qc,100000
5ng3VFd5JGFX40enqdseMoWj7N8ZV_8Kl2bb4SZT7ys,100000
bA-Gx3RURNpnCdGQBky8oJH8mCAN7SHRx4kQaQUM3as,100000
UKutS2o6owRXXvWyWKDZWtZDMBKr-S93vbV_0GNIisg,100000
aCda9LEgQ0-uMs-3-4OIvAB-fWWD-MPRFA3m1em2ZCM,100000
_qStzwSDEQ4GGVqP7UpHxyo0BdXjwDky2Nj56eYLr9w,100000
rcEpiafzs-nE6h17e3GqSlkyjw9G98q3jiBd2kBiYbs,100000
SS33ruZnZgacoU_QUPMDl8Kz4_Ibz-swF4BkWKSICls,100000
wWf2f4UwbjZKIPU7Jqx2e6dYdjbLnV9yzZCfV9Tm8fA,100000
D1-8HwIuVw29vBLIxMGZvbZvCJ5C5JFi4ctTSPVq-8I,100000
6TIT-X_xnza-rhnbq8PDbO1ZdAIp9Po_ebrDow0b3U4,100000
UXx2wg0kHIP55CL0fqETgofvqnJLk8eHLNHjbrDZR8o,100000
SPhwwr639nfNL1S_uL2M01Xe6RQGIBCXX6dbMifFYhY,100000
D8zD1IIrgfJxQ0OH13XCmICqHcesXvgRuyXtyyCYYTA,100000
vmGFbgOVsAaLrDpFUesq-ub7i38j6Ft8potzNuPql6g,100000
sHnhiEQwCcBzriBBMHbLQiEmjHgHXWJbz3yX1yPqDiI,100000
DlQGRbXi9YSMUeLZ2KyeT49BM-QEK_oI1OtR7UXF6qU,100000
HK8aEpEGE8e3kamFK863MG5JGZWywU_vBWAI5jj1tdo,100000
rSRIjSXYBPADyDy04OgogP2gMy59O7MPMkm5b8FXB0M,100000
_FqDDNlu9sukCX_5MFDxXv3rTeI-A1bA6k9dT3OTPYc,100000
NbVcIWQU3YERyBz2Z50YmxcGBQwuZQ6gpgHzAulnQGo,100000
KKyG2bSV7kWiaa7Uw-njmlomvrNvFv2hltXRA4zdXjk,100000
C3frptJWsCsy6fWEYOjhylRjnfarxgGGcUhnD8MOg2A,100000
mE3v3UYQcdnmvCvuQ_6VSMOBkr-renRiu4HABtqYcIk,100000
MmSSuz9jk3Kxp_RKH_Z3k-w5HRjg1KIR2Xar-OQSB7c,100000
DlAREOK-dCpPBA67SiCwlW_2aQNp6BMoHtjgNGAECwU,100000
KjRhLchXKUpmDvmr_ct82tMwMxK9qFyNoHC2IX6ZBBc,100000
0OZC9fBlcXSF32SEX_fFdN9oRq5H5dLBfTF_pkRJnG4,100000
_YPfOvaYHo2oK9HVA3NRVyzBOjrTSBuJQXsKnwoIb6g,100000
xAcisk4-K2Eyx5O5gO6rUxCuOj_K2CXCj1P9qBSCX_g,100000
A5VoQqNZ8AhdChe7MjwieS1rPcT3VZFTm6X0hNf0orA,100000
oG_bkTYxN4IzbvbMg3XJJxheug8uQCDtYf1BC-lNZQ0,100000
8ckE0F95yAKpa36e5GB2k861Z0Wapp6QFaXwEQJz6bI,100000
XWjT6pZUailFL-cuxKFs8pe41X58aN5MhAHCjl1AcIQ,100000
Y69MKJ-J1X59gt6nQQ44b3bJfxhEQWVD4IT6NjZOBH4,100000
CYi1a__7XF0DI6WZOuYrjm_VMWlRl7wxkpY_DbyeRf8,100000
8egCrE8CsSD8VLE3nIuP9FQZdX0k4L2kdZ4b97DwsgA,100000
HA89R1nmsqq67DWFwEF0VdckuoNY9M4RvHu8bda42qg,100000
--BwkLm3Ch8ZsVvevUPixP5z4KMIchK5f0a_zz3NHew,100000
Kq8w3RbTDWSWqhV-8YLhxHtP6S_ySZvc8cI8QwUd1-4,100000
q27Kbj5OK_T6IBqgE9U406knDZrjr_niE1udAcn5h4g,100000
OST-Z2mESfX4wiiTZJ5eVBYC0zG6hSQqhqxT6ZgYkr0,100000
5ybm3BFl-lIsmBFiw6Y0To7y9710jAeqGelfuSFTem4,100000
PVSrkpym_PbiK60hZHguexQEeGU3s8-_7Y8M9-zW-nQ,100000
sEZPm875WJmZHAoNJR_V7ixr0McrGkym5HJNMhrEwZI,100000
0TvTwYu30wsSqYaNT54rqugDrCC5Aodd86WXykXT0mc,100000
gWOhYKmZ5jRLIEIERDp3qAuRxyy7khzzWzQoWv1SNuI,100000
prxJBhGqxPPzzvNAuCb0WVGckWsNQIHYt0Z0XnaDdYA,100000
fg8caO4Igv9OShNunTZ2jKEquS-3hBhcxnAzHA2Hxxc,100000
xRbjPgA4u_fHHyZDfQPPWEzO_a2g5JspMQ4ptrsEsNI,100000
RnYstFsZP1PV3QKa-34zqn9-k3SItXAOUKw102zE-iQ,100000
85LRqrf4UpQxnkdnT2EM2jJFLJg2AR3P0r_3ng8O-Nk,100000
2zgo3-DzCThwYmbDS9PgVqVkgNe5zxD9Obsl3Ah2ET8,100000
gDsBkz5H-yEoJZqz4bXBLfHLjfIgJ4hMKErNpXMimp0,100000
BvBx5VmMLHXoH-5hkuBQVVKWDNED8PMJXHBULFTaKZg,100000
Yucza2I4r2aKoN0No_dZN_KPUkizhKqyHH9GYEFrIB8,100000
YK3ara_DRb0FqG2Fl5r9mJE_f7nMYjdr_GetolosEEc,100000
qi7CAP92aKEefficbYKPdtMjrRegQ2GzHKeb79GBIUU,100000
nFNlPKkhoVX5l4i-1N2aeM1Sdnp3vr6dVZUumjys5gc,100000
OJLHCm7jw4-11LFL9wEb57PpgE7x-R1-3VjTlc27AwI,100000
kKBf-E2Clh2TtHmLgfnCd9ZPZOfrqFp1zQHeINyPFUo,100000
vBnjCjV7lt0tFemF-uFO6mvBePiRUfY7ugyMvgzB8Xc,100000
g4h6phLV4jAQGBKO6Pt4bcmm__VV3i5AqJkUquKLXQI,100000
5goh1U4AkkERdUKGUsZDk6-XQKko0bvBWMIk16Y2CaE,100000
cNUKGTndf23r98qq7gMG2yU_85XKyb7blLPqO_ze5wI,100000
1zIrx11nWzERkyZMRU3B-Uf7pNcZchTqvnpxdAKylQk,100000
FYQBmRL4mQB_kDnkVVzXBcdpTW8viydZ3WvxpbUk9oc,100000
_qa4arkdjK2X9SjechexnWzTtbOKcPkBPhrDDej6lI8,100000
bp3Fpodi2l3MRXAlPb1JFYfYy5Cgq65aFPMmwdtL87o,100000
wOrPJnrdOe-K475bxZm4ZsD-PR9ym_h3D4f6sTxgDxc,100000
ccsasQeTTwr5vm04xu0bxJdZkFE79NIxpM-QjB7ZYjI,100000
MzOlJmKOUi_1oqqkxjeQe4ehy_4jWjLp54kiYY2CGl4,100000
ka2KKBo3xDhD4rLZtfMF1hzC1HVDtKp_LSe5WQQ6oiU,100000
X_FKZeJVi-x-MumQVrEjgnDYy7J4ZWNXmIjzBOWGG4o,100000
ijaHRivbWlsa5QqPoVMPU8uvWDxHRaQFQjSJ3nvjhDE,100000
B2Jp3rHgc0MJpb4Zmu6QATAzk_HxZnA4PMybkY8hse0,100000
AzSQ71EuBPIq9kZ5MRKbghSS8yr0qya6bFPaimRwpaQ,100000
ktKRCltBqfSxsmVlsFE0XejV-XX_GeBUZYIvQMqUIVc,100000
WwUDKA1q2k15jksOjNURQ6J96snTT9bR_kuUTLCywP8,100000
7nIVIV2nUAMCOBWan6ncqstjWcMHqo2lrxWbAW5ncm0,100000
I-0efTaGI8bH2KcSWEns41Pjt_muv5Ly-r4dAul4UOA,100000
Y4yACPcMLXybmpUgH1kqHP6reQT-ojMVVSjCMJwgXEQ,100000
qTwdoLNxG_OjeLdcNTh9AsKP5MDjtPO5eGtzIOk_8f8,100000
HSQjmlP96FiXAHDDeaU6ZBPDLMz2PF4FlZnt6BWXsto,100000
zzTdoixXhqAl-hIReKlFmVWpEswRxVL1gqF3gEXV9mU,100000
L3kKRgPRZsK9VOVtiS-_Fze3jm9xjHG8Et8gKj86Xu4,100000
oaqgnZD4I5kknRE4cgyL4DJgmsyKDG-vvDS-A3ztpwM,100000
6LyoBAN_csKOz7H84yRpKN_N75FjQ3lzwHEme4kS6zY,100000
GrjpTeiOX8ZYZ2_gcJ-9dW40xpxAQSK6NNmmFtpypuY,100000
SAvejE4krzFUBqhh7Kz-ATIaHi5_v6IhFriHcJFZ8-s,100000
LQ_aPHM0YYRYjViADRYTGfu9QiIxlL7V8eb7qrAr_Ds,100000
THV6Yo_w6llWQkovq1H-3ex8O_SKDc-oNpopIYMPkH4,100000
eLR-J9hhs03sAeEQl-13T5RgQ8R1v4yt-iJyUp-qPts,100000
1CMo73uPr4AqnUi0dnNFUtejVvDv_9NsRC7k3RQ4Pto,100000
PWjmKHIO7WQoekaC_5r57zn4F03N8TyyBm3er2IpLhM,100000
k3rS1xQTWqdcMqX9PDvN9M1EUUHG2xP1eP5-V8A73mE,100000
zn4A4Fhue-GYOK2EIk2tl4tLGIrn1tQ2igK96_-eBJ4,100000
W6JCs231rNWHMl0tMGHE93R8ZXl7Cj_5TGSWx1DTF7o,100000
YW4YRRHChAsy-xe3hAM-EbwP5Z16RDodjynexjwkuoA,100000
DsKUU_PmDJJCmN-bZRtJmzdIhalnhTo75947aUsLX8s,100000
msNLAFvxOul8Tfox6on7L_8D8ABYWIqQplcfjInzNvs,100000
rY17qDmA9EIPLc-DldJDGEkgjmUjMRfWKR8IDrxrMoo,100000
1-Wv0mWANZBve1XcccIbjIuj1dZAKmbo_cvdFqKhaoM,100000
ot7yut_QoYxO90n8_9BuGauj_Q9MPn5mOjVEO60kEHM,100000
GJg0h_BNf013RRjqWUiEUGJmF3PnblIJxK0WUBapbl0,100000
D6bMR6cpMZYKKCNjkdiJASL_Qp4oIkQN4xu4dx70rbs,100000
b1TYqJWCs2ivAM2PgXmhmXsnjelrIt0o5OmHpzaFyzs,100000
0IL-feSHbtIZ_VIzPCFQoIM0D1F60TFRb0j59Sh9SFw,100000
96Yk1fDrdL9q_cBPAMAvwoeHnS-11kQ92oAHWEzWVuI,100000
rf9Pud10bBc2VDz25jtMujcP9xu7w96v8qJDJp_mdos,100000
LvfCowuw-7H6Wp7w_nt53XSpt_gH5LfRbp7Z-deq1mw,100000
qAOLHhObB6-lF-FiHrXx2aHJtE5h1walpRmnvn_TTbg,100000
uESNnUefGjM3cmKMu02MtFU_wiicuAOIxGA2HOTlZGE,100000
sigyluoKLnk_IVD-Iy3vb9EcWUq2QGHYVBTz9_Bu_jw,100000
ZtrRqK91qmRJzm_vPEcxhZJHH6E4D8_l5CndA4PH2TQ,100000
t36rLTMEbQKC0do3CkEC4tsVgIKRVA7HSsznh_tbD5U,100000
3h_JnzAjalVIiWDCjfzwXUPBwL3rWenob2O_e-ESsh0,100000
WATo0mu4SKTTpBn2iiqEl38qS7lM7Q_1zLeust-q4B8,100000
YO5R5hvBNCbM6v-HukkUFFKP4Mvks-cf6ncZlgidAFk,100000
s2kZ1XuRaTh06hVcSCHe6XdBuui2c6cGibqZ-KGVu0o,100000
Fg6W0XqVAgl_IQ9s5zzv4pZA8coQ1og23MKjv5Vt850,100000
K_ur1650mVIZhkTIJRb39WgeNPatmg6d3_eWFm1t_DI,100000
sVIOKpp4WiowCmS-JzUIGiT-Heot16RIciIJM8oJDY0,100000
uKTPMIrsCl-rUVtwVYB4MndvmmQQX9FXdfOTBufGPJ0,100000
y7qGneUmbjF1QAUHAwle8-_oTf166a12yY42YtVen1c,100000
5RBU2MFQtqOl9alOYDBAPSuhwd_0ZMGsdjaFVxloTJg,100000
pPnrLCQSrHiYk96UP2Y4Kco6-gn7rUnk5zhi0X3MiRw,100000
B35J_ZwuM3CZd-DxLj4XCJ9qTzjwxTHuHOmvMvgErzw,100000
8Be_7cgyFMYF3fk8QjOPbfG0uy9IBuT2nWXs6ZSwzeg,100000
QZ0Gjj0CfsGlWvXjMMGx5el5qYo_ytbHJQSxtsBqjls,100000
GfuVD8mc8ZDecmioNCg7rrz_7f_OyAUqkLwsHMS15oo,100000
rgcoLJgLtFtQfuIHQrmhoZ4n5_6-qZEQHHqx3N3IrZs,100000
ty8eKQcis9g08r9tPuLxLQ8X-bLGWfiDaHcqTMy2-8Y,100000
LEJGkcPxJTCyo-bat63iWgTLDoh3k22CItmChoH-dTM,100000
8gIaI1Ylxuhf9ahssNFQSUfh2Tiu9uTKWqCQZef7Zi8,100000
ES6Q6YtugV5zcqI6XxlqhAL0R0hEYmZZGfQ8z935BKA,100000
eSaAYmJ0xQV373m523pkTlCjmisJow8bs1tuNq0XhfM,100000
pdEaOWS3T62n2eUy5d_6GLdp3vIdw7JwZ7ALFPi9_Cs,100000
cKp4e7X1b7TMeiy3Nb4E2hScNiGLxY3_1N2tLJS3ZUU,100000
qgTs_vpYAeCoaFJxg8RZVUTYAQXG1KQXaikkU2FlKVw,100000
ne4jtyau_7GN7iTcK7lC6-l3o7hkb_TK09MuHcpIDig,100000
ED7hMCYbdR8Pm0xxPeitzkgMJbkDQn6hcZbLjuqSrFM,100000
HIFk454nZSGLxzWTpd1zAg33RydqmZKDIiNintx7V1k,100000
QdGFQcB1Fu6UtWa_b8x-t3c4tEZkFFbGLPlq_vFn7Q4,100000
DY0tsIKuabnQ_8uBBCLmwNUjy30P3sD22yoEV4eGhbM,100000
YoCGmMAZgU3STIIEEsyesnpR5P7toUKoFpNtnuN05uA,100000
1roVFPIdxXtDjCgzUNvJs36ShP_aKMP9PelpOZqxDy4,100000
EgIuGXNI7RzrPTRBvlepMkffOX3QO21enIqR2ewepd8,100000
72Xcd59k1uTg6B5Tk-6upA-F_RccCkmuwrupa3hIE2U,100000
duHWSYLVz6b_tTf2UR5KZkZJ9PgvIHTDTRGisArGknY,100000
2QRgPfEhSQY43AqotKkDRlWmHkPbPdi9IWR8bTX4wCE,100000
2NqPaii5HltyCiPIuCHVpz82_CHZLiQOWD1UkToKpKc,100000
vJP4MtM0q8NVAZC4ej4MTH1vskxd-MEGV5JBE8o2vUs,100000
LmtaJ7MiMJn00sAsBlhgqZ3xBCXnZrLEiwwnNFkt90Y,100000
OWu_TeloAgLLzvPHAXTP1rKeza6eEfjmlDWd3-v952E,100000
Scgq0UTsKElqWWby2z4VJvAJ5oFWe64wBiY-qr6OS0U,100000
7_Ofo_YBuxXLVcK31t35MOWHcM3yrgoM9vJDAztAujg,100000
YIWZ6GPfICBp4gSY3_CRo0G5T6_nKJRvP_4Ski7LUGE,100000
4GibH5U4mY0ErMzTQJsBrvJOEl6KmcLkj2NAdhOaWPU,100000
uWc_WKdMWhSV-JY6tGA7K0HCh_6MhairQqiL7K7093Y,100000
q1h4yY50Fs0m0ua7Wxcw3jAKLX0JHOF9zgQfHZn_nN0,100000
IMk0PfgF86fnO39Kr8x1UgC0mTYUw1_gcv0jjijM-CM,100000
nOEtSWZ1wX0paNxmw-GD99NgnLNPtToccRxg6-YTWDA,100000
pwbbAvcF7W8UtHsx-q4Nbilauj-qQMdDVBXBQQAhCdk,100000
2FjjL0B9aT3LIfx7omr_owaWLBKyL2L9rWBiFQUorHQ,100000
0dyEqjGLAMDzaRnCzH0camhX0XirrCEqVs_vc1btmG8,100000
V501Rjl_YPqtJ7OZSXU7VAFlP0oZOSzEscf10cjPzmw,100000
j-3b7b9bIh46BmuYd12DC48CSrj3mmkyFPzv97EAk2g,100000
TsSp1_eQRCMIkhqUaI8HdR8MPOiU7uspM_pAcf5AGvM,100000
kOHPE75QFQ3i8Mnt6tstgZ9iVe-YdBw-pf5XaScukl0,100000
kwLRY5fWtjjOqxzp6tujCP5PcW5G9w5fiGrIuAfPcls,100000
l79Dgbh3OBfflHNtMCnVpYUyb1N43Bh1Mk2P3Gt55Fw,100000
p2t0yC8h0nAvKlzX9U79mJ459m5vNbKrNckX4XlXCsA,100000
PI5oL2_bonvAuqb2AKYEXgUSYkA-KXs1Wx1uhJ8abNU,100000
PQimTX4gv68yXYSLjz5IOXRQGwBXBpHqukGnqhipzks,100000
5sXKWDhvOrSw_cy6mX7-pj7-8c8ARvicLuzPahaNMpI,100000
o1-7qYYfBTlXTcI8sCl2LQR7R2eTPngGiGi7KaAHDfY,100000
pwXjbD7G0x4nQaifUdnEgpgiywdjm20sHf0e72RvkLA,100000
xt4gKDTdQp_FM1CUOJJ_JO9w4vSEy8tPmErjg2xikiw,100000
alga-vnK3HwW3mUuRZQ56zWaUKXkC2rOAI9eZ5NGqzk,100000
yaMqBdwOQ0B2xAvZ82ncR0bOILu1OUCadp9vCZkWnKg,100000
LXIjPNRDoBS8oV5XU9NBYVD6jDXQeOTL2uwUBUiWQ1I,100000
Os3Vymfuii_7NJznPJMEUoYNZ4j8BlbHCj5ZRFrlGB0,100000
LSg7NFC5KdYvUZcmi08-hs9BoY7QdJMKZtqubZdqBV8,100000
H951WTmb2pBAhPjWf1WmmXbnugnLSBKUY7NtAsMw1_o,100000
PaFmcufEYOpQS59C7E-NqqaQSbYQJJgPyQFjgdC5Ngg,100000
P6HuOmT5gZQa93F5QwjE6hA39BuH8Jw_apbpnIVi2zc,100000
zLsqSjfyjFofuNL3Z-a11jwUSJ7V_aeGyKrhyJ3fX6o,100000
JHqRF3fovy0J8nlw_mo0r4Y9ZclO75PGBu0GD-PDOkM,100000
VkUrj89DtJ8eZPllycwMrck8PiWUKcFwgos3_f_mH8c,100000
2vPhgBAf8XaF2gJ6Awt1A8Oy6Ch55nJovy2JjLISdEM,100000
wrvZSeM9MWr3pwjubsAeJdxCr1dVrwgD5m9OPtFduko,100000
fdcmVLeAYRDzsu81BkKwyhQnztpxLdfDuBOj9ckBOO4,100000
MteJRiQojXkdzBu7T6RtCOFEEKrI9U9IIz_GJtkRG54,100000
_wtKD-bvlOP-qzmjtQWAn-zWB8ufJmGko9lBu6XllAg,100000
dllCeWC-Y2d6bULNBNLPQON_YnLKHHrQDxXilfpWfVk,100000
AC_xfhPRl-jsJEwo0x_q7Lj0LDvMA8QP0YH4PKKUyv0,100000
Vnck5x3aBBhb0xuzNfBgmzQPj_3G_fx2nhbMmp-idE0,100000
H1Shevwg2PDfHcbarmNc4ExGffBtanzurQILPwyia9I,100000
wJJpoWsJQdqUl6VHfv7uwtZ20ldgw1Lg82R_g7CsDOk,100000
Ts_Ad3YcFNNIXsyz6rCxIfKvI0p4pQp_KXERG4hTa_Q,100000
Vy8q29Pymza_LA3fNHAJL2RWzLgKBh9cPPwa_hnyGjk,100000
6OwXkXZE4NtDrAY__xZbxK3fGRbsdxoe5_GIcdAeoFE,100000
SWNoqHaifMtG3XcmUv8iFEIttqPAFDwZKwaOeQubzDI,100000
wjRlg5gK0H0Gh0s2qvUI2kQVugT8bpheqVjNjgEgcw8,100000
3rceYiNNCBQfQQdNujwSXNkQy3DZ-jKDpKaZlokvR6M,100000
FQvY1Me_yfzA_5McnkspMW_nFJ3fsnsJu0JamGTyc7U,100000
o0lQQMxOZfzv475XIMu8P6POBqAvx-RQyqa4aXYuke8,100000
N5vW5WndSKXofLOguIvPHfxMYb3DdNcBjBROUMqBMZM,100000
t6EtWfOId5RN1icotTlFt0t8Fxraqc9QEINuEEdywp8,100000
K07vS5kq_9PSI3d2SuzXuLJ1NmRSEgoqduaMa3vY9P8,100000
Wh7-stpgNWsW_l_er6uFeTUUJvm55rvlwc-f6_Xd_58,100000
Nw4kgALHC34qreeyjlwSTi8UNZ0MPiwUYQEgc6vsgo4,100000
AbvZMwU2Wdkk9vHrqTAIyirUoGR16VSGvAcOOFrFUPs,100000
yrvqJaJyKgSySxIE8HF_Co7SkgtFfga1h7ZeJ0lkDqo,100000
Myp8h_krYnzoXT3frgPY9DcXD-QgicN6yQhFaz5k6lk,100000
kdBz3Y5-e74ToYcSacJ4ED1mOlsHPuhi38gBNXph9z4,100000
3ap19_7t1AH7PU3HZdWIUarjwMt3kaAlIQ-DSLaXC6w,100000
Qtgn1nDRx2CzWJGQcOkbfgnM6H5O8Rh1gYF5jJTN3s0,100000
wtKzpomzx9s2V9YmxDtOc-7xw-3bleuTcqU2VCiuN8s,100000
fKU7moqKN9R3BuAw2RcpE0oyANlVwCCC1J7TK_V0m8Y,100000
JLNp6nNz7QLx_V7yyhzHojF0oJIk-JLOi9c3FmoZH3s,100000
ckQi3i9iSO0BbQl_wkq0I-WLdznYL4gTtN2DsewQGpg,100000
0lNbaMLcmMJKI5U8ve8OCHi7jyjytTkBlD21bcRlDEY,100000
eX64gYzRzR5onoucH2sFmxznY-IczrGDQqFQuOSxun4,100000
zBtF7atvry7rt-P0uCWSi-rIlkfBeDHOGC8n3qU2MxE,100000
izQDLBGPPmhLL22A3yf8esrCgpdOzUNxWOLIFwtyGXQ,100000
OlbY3rr-oro04Tf0hzy0ceXlD81b7Jwez6EaDRNO0bo,100000
xS8cXSwVnmUaR6G2odaLr5fe9MRyIl0QDeS_VGPM1Cg,100000
f0WZmIx4rSw98M96VRVTTBgiWFrw4Kz-TzeLSWs5NzI,100000
Dju86aXgYZJra0hzXydy7-NiYiCQ-bPwid9__MtVTJQ,100000
AdedGIx6DI6DVeX0wfPTtUT_j9TOYGpalYE4HHrVRcs,100000
zXEzZSZGGbfVHDkGL6PEDlX0UWAkWmjHRjTJaN5b2OM,100000
01Uxoj7yjU2zIguQWipFkJqq_AOkN-GGOfUQ5Lo4pUY,100000
ruXmZDgZLzJQrnvdA3dK5ajVgTdy2PzqZdusiDjsp0Y,100000
ng91fPVHjwDvH5xQZAFrtzpLrcf5KQNznz98QSclEJ4,100000
dc6pcipMvMxdOvXTU98zDKHp9L6uHWui7OgjVJKqrmo,100000
VQdib_wCmpUmPEZURr9s-b-PYZjZ0WRyAL0UjncGccY,100000
4QaLsvVQPN_IHErAH4JcNC-bBSMwYwMPkrDB4goRHj0,100000
IXRXjO6hTHY1f4yBYf5GKeitbCeMoJm-UFuKj2PlQfw,100000
_NCf0i2ke9kF8IrnVQX5PycddgCuuNPhmwdeaQTJ6B4,100000
MREBlAb7tTN-1z1P70HkhSyBAj5KwVc6f3HZ_suIFEQ,100000
P1jjEqRgxqVzdoDas5xSjxBzsLxc33FfKh5vy366_S4,100000
gj0uVfYLX2qqkCvAUSM6Ps2_kIRgLlPpx2ovBr2j38w,100000
xNJXaxQFvjjC-b_gN2AeDo7IwXwOXc-Oe9T_8SA0-8U,100000
5HNg-BjwbzMn5bzUNpZhwh3qGnBFxEYO6fAu-3hCoSs,100000
SGj4G47-jCH4bQJYNTMZKf364WZgJmi9WYmhngO0WU8,100000
zkMhdI43u9cc5lKbz7uv47Vf1Olz9dI3fgJhszkoO1c,100000
6nGqQ9dwTpK1lfD_eLv4eEKEfnvpWTbRYUSt27Me39Y,100000
wBAh3OfCGOXslcxVTA1cFVCzhWYsKMj8_cVAXvVqE28,100000
RXVGYTxomNgmYQqn6EzunelYqKfLHqfX-iWMD2hPPUI,100000
WNs9cZgL33BlsJFyy4_Mz6CRigqde96s12JojYF-0Nc,100000
HdW3WSkFcjHOWnVSYfIgyFwQyz89lgNF0NXuPjTrQkE,100000
5110bgT0UBt0_y54Cjcv-GSsImMvgyvQSNyOS1QqwYc,100000
MBXUPwU6VLQjtmTUJ9nQArac-pV62jSu7zG2lSjGUco,100000
97b0_etS4DR5R_MT6aYTrknmxLAP6NDIy48aUYOJWR4,100000
epbg-jmh7P3IqScEIfEDwiEKlz9VKSiHeN4NvhOPwZY,100000
wfi-Dl4Ko6jh-0wzTo_KwmCWStBTb0QXTy0DN2SWYvQ,100000
hCRwbhbZiqGZnx7visaSlXuHOEzMZrRet0qanIpwHW0,100000
l2XiYWbAHo1nzq4Zq-nAYGYiDcKltroCfs1QVrrZaJ4,100000
8CfM6tXFXT3d6yUAnU9ZW_8BcSnSdzLkbV_RMhL9G-U,100000
yk7wGfir_Vm9zZbgydLAi171Uet-OedLlDLc_D16wiM,100000
Cw8V_sh-5V09dIKcMHawG6YkQNhnkkUuzVz86HnQeek,100000
22ecdIsmZUgDW2NXFcnlyH7Sh457xTtGjq361V6aRVU,100000
dC-zw0_PXRaIMJUj2LLz5DGv0BB3Cr-JYfgr8pU1U5g,100000
z1MhfZjvU15JRBNEAjIr22nQgdqsnObvC_O7VKV5_4g,100000
Zqrt69Q_KBDBKCOLxRUh9ejsIYLuClVQrtRWienr0Ns,100000
KnNyZSjKzVn0fsZXXWSJsOUjASHH33GFwcurQmG1NOw,100000
sJz4cx9yH7BRZ6_rSYSlOwt61PEBa2earbG0_oE7vyE,100000
REbC3bHwvn9VSU6pq4HkWeT8cTxvJXb6jfg8gjXhFtk,100000
RMI44MyRQKQgClDIvkpw82x-mTS9h6JtNH6iBshV55k,100000
OIngBDqOr0vWSH3gjuJnLqTNhTF0rPReTrNVYW-pQuI,100000
e72Na_tuN6FMplJ0HdOL_OJGuKeZ7VIUjk4EEJf8BXY,100000
9oeXwmOGvpnSXTmcQ_hiCASsr0dyaontOLjAwfVIbuY,100000
6Use-agJfTVBXXntJoVVBWgjzRwpjMjyM3FvAAJqc9A,100000
Ds-X9cj4LnDhcply-su13NtMvQsltnJu4aU5Alz-qqA,100000
ejib69qAuALTl1kFg5u2mdi5ipa14tjr0NpwPkXTX-E,100000
NuYOtLfqBK8hxf67umC4StvBpX-k6f0JrqxAfFlMuAs,100000
gGDlNNGlkIg_efzS4lMwJdDoWxRjLCuz-zMMaP-gVBg,100000
FS75Hz7tKCWxPt2AKcC0B4AtZ3gCjPDrX8a0CDEeuVs,100000
lQIPWJEQksUndcEcezS-0XCkHmgTAZaiAJJbFLMq9kQ,100000
M7jOGOrR0abysoVH0pKUrZe_5yxR4cKr_sBL3KRumeo,100000
77Vsh4LkyL-K4mzI-eWm75X1fSgUXnuKoB6qbRVgF1w,100000
MBJ-MNHAyOfrfJzVMkdgMl_DPD9pBu2EjzDoPhU0RjA,100000
dFyiJqXrpcMUwWGp79ikMkq1S5J92zN3VqW7FagwPaQ,100000
cKelbJBpSWfeSZvaqJCSx_tSuYP9CvJlKWDM8QDT5f8,100000
k8TAlm_rnlIDaB55H6HOaE2HF4p-F4sduYoMYfxag8E,100000
thVPhcneZo6bu2tHEONdDfmm92EuBtm7ivp5zN1gAQU,100000
bkv1PSM2lOkoRnsS5BGsBgsTFha6eI76qguTH7Ovxvg,100000
1Nf1j5LRHLsymK8gYiZzG-LAderhpX9pm8kpaiavvjY,100000
shikV1ViLIW_YizxGzMktaTwTCKNHgYzyhFRp3hv7J8,100000
1M-RT-GLlui9NKIwbpECE4toAFhaPZxk50SsV4-IqnU,100000
nxgegMTWC32yBBZQnn7HEoM--QrADFnlk_U3yf5Bkuw,100000
RNv73h6Iax404afhHC5VXsWODK_PQixEBqDpGPZDZnI,100000
xwMz_OILB20jBsXRyy29Wdp-ysZdxtbpOScjO0oCrGk,100000
D8xJu8shDX6zTo2uz8vCv0QFJCaYdarK-HTVsSKH_7Y,100000
KRlZwpMHRf97SmsQGN6oydRIJcjWHEkvx6AxtYXHuYo,100000
Qv1i_AewPEnZpEwKZ37-apjOzASKmJKc0dYuG4wv6iU,100000
LlSUxfTQAlce2ntAz8KHZc17UKfkq63SFLYtEsfeIcg,100000
sXdYMSm5-1m-1J13_Ldp164jibG07q64689wKpCEvnc,100000
wFoh_n1vrDFRNlJb_smUZtNtIvxp5LCHT8v30u94RRo,100000
GTuT4rtvvEpEyP1O3sg92KnliQUq49jJJQwTk24PWWQ,100000
18CFP6iXdF_idY562dYFLnHQzbm6HiDk1igfZ2XeppM,100000
9wvXjWPg2NhThNXnkTFsWOLTV_5vkT93_stL88Gr7rc,100000
tXqvhW0-hmbfJ-oDloPdgkMHgB3rU8nGG9VNpFQvF8U,100000
fkoCDwklnuwWydLo90AUxsc65AwkfgOo10fbirqEbgY,100000
XE0NUfYzln90a6JbvnAphKfdXxV-67I4ShD--nqqyrg,100000
Sus23I8bcFlxD0x_cLTcSh2u-VpsxEZG2PLwqiZfknQ,100000
o0lF6gAMwXYFXN1W1fXQOOJgEp56vFuW2fq0rcQj6UI,100000
IWTtz_qUZrrkAiC8b_JngEjpfrkd7u-f1_GGaTc_brY,100000
AtTCKy7nKQ7WGhyX_AH1v3bgWYTTy3d-9azSoJOxVck,100000
eH9WH178a72QVO2pKdkHvKHshggotiCIoS8_jpXCeOI,100000
NbJfLHQ-84hYVRajwBteZo3htR7HP31dVdwbkmANwZw,100000
KZAL-LfoGaPCG8z5R5_9Rbb0ajU4l1V3hVMDADgEQ8g,100000
VRoozxUkICQfaYGQMgD0ISZ68lNU18VT1B3Kc6Xr2T4,100000
D7AFGznB703S4r4z0_4Ld3lJxaIUVP86J6O8xlMHy9Y,100000
uCqr3-Wpmg4Vv1qHPLSzxI-q1_PSkijAWUvJml8zmEo,100000
Qa3SaFt9KBIqQTweiHlr7X-mKmiRBeS_m7JhB1Kl7DQ,100000
d_t2FebkpIYKcHPpPYMtr7tii0JJhUH3cWcyHGad29Y,100000
MDlNV-mEAiUPoGhV_mpEVikAMBx4ed-2jNNtzYR3GFI,100000
4e6GZrMbHorUhDbBn3rWtLaArR7PT1AfVmF3HQJZRmw,100000
FRMdoqDMhnOj8ty-YG4pLNJfXkEk8vpRS3JjK9tghiM,100000
HmxMPXS2JI7T3f-8oHeO9m6D4Dz6thU7Ti6D4X5VOv8,100000
xHo51AHw_0KodpfGzESbxebbMv46DxOH4tfhGDj7IkA,100000
B5ISYFdt99-4Tn_DrCDB9jjKTwnevLDrTtPsiblZgxQ,100000
vTP2pznFk1HF4lc2VFbXGcITvcl2TPycNCkMc_S3Nvk,100000
nTHdzcJy9RGNefLrbxHb5UzzRrJSPaW4v80ApzUCdtk,100000
BJvIrWXL4VJh4UanL3K7frafkwaI9DDhFj6WC1mKL_g,100000
8_OXB1ymhgFxvXpvAMKj1a7zLhhFPmLH9fRXqkDBVGg,100000
CHsLZAzMgTYanJPwAO5e5HxNg4EnC-R97k_FOJFb07Q,100000
7uXn3Vf6RM8-nslYmBre6Ou2d7iVzV4o1gcyP6bZTz0,100000
hPQcIcg6kr-bug_zMxHIDNwxy2n862Qw0Yc3f6YSyeQ,100000
VHimOmH-qmo9ceWXRHqTDxiUqEN84itY-HkfqzWuqQo,100000
pfTkWRqMEM6YAHNgLJcWqloFEjchT58qHWf4oCau_Ik,100000
ZxqbDPGECMWd-KwnfgteL0XbfY1UDLN5-Jf86tx8GVg,100000
rEQosEY-vENaKdoeAWAC3UZQ5sUVESk_aQ9BnmWIf_o,100000
SvzrX-2YYFZGR0AUy1v8qwl0JZlDsgspCZsPkDXWcQc,100000
kDhfH3FXFxn9VQnkWvsRQRv8GMo7OZ1kN0I93ojyjS0,100000
PYajxGD-kAg2UA6patL9nhdt6gMutQpONsPtidgJeRo,100000
KqOEJ8jxFzL_LXR7VbPKPpwSRmU2q9cq_1wEWJmRs9A,100000
9B4yWJ6ym1laiB2VGHWorDOS6QEZ3LsqDJ-p8LDFy3o,100000
oyL6eSytDUG9ql0ZYcVazR9Hg6PU-U66aXlNFPIubLI,100000
b55mBuv2zfo6BeGm_03GIfVR7eiUD9HvNLKQcErwfMM,100000
sTGgxxTCiZvzPIFDhKDEIF6h4Tgx9gAtu8dh6P7FruQ,100000
5BUcvGZ22WSvxYn3oLvPuwAf0ka5fWy7dySvA1e1Q7I,100000
r97SMyj6zFJyJyJYYNlTEZixBKd5uphY7uOZpQE1lyY,100000
55ZKCjJKEFXzAWyual9CKO75CWMS5-jgBrLWVAsE8Tg,100000
p0MCgwBLvO8r4DpW31dDJ0E9pVRBND79eO-0nZeCyGU,100000
0xueTpDRFYCarfItXzG-RBGdif8hzR2UgY16WpJjLlk,100000
tXZjyKczUe80wNEmUnwKScMghCJ7X-0rjkZ8f6zkgVo,100000
ABPXQ3UzGLenVZ1Vq77G27ZETEgxIBDjvwtxt0J7Hy4,100000
umyMMLIsHYPefks5fGhal2XtTIzJmYI-b3VTbtiHZO0,100000
fCuC7AmG_kSADTZG13OSL5tKoYhkoXAjCOD0MHXQ-QM,100000
RwanwykA8PUjubdNvyk8QGf6yNiTD77k2O43x4wDQ4g,100000
l0YKhSrbG7aGx63d0qdxTPHEwG9dtZlJQpMLSHLu6xM,100000
y0EaYTjGpFNkBXmY__yk2XYfJVSL3syiRHUQygY9Nq0,100000
0kJ4SQWyxeOL_JAf0IByaCCVCyWryLhNibRm4ncCHnI,100000
WNPgL6bj3_6YZ1dFViOj8YhaVRqphEyav7KkIbzDq2I,100000
ZzgI5A0fr9B-ryOAxNK8QW42Nm0H4DvnMsDrutdvq3Q,100000
zMqR7fF9OtIxQo-qTYC6bIp3_NSttvaTM6w0AaFazDk,100000
poWvKCvB1Utyaud1vDQ3271fdt0rtlkTrpRBwU02R_E,100000
IgYM9m6MmNUarG4vYjqvSsr9Dw-xpepTElp8_aDSLJA,100000
XeJ9tec0I9YVO0qtl8nXaW3_d4TTuxMes8gH1Je6MvY,100000
iAxWFAKjvtQceYHP4C9eF8itlCK7D_fmHnMWG45egQA,100000
d_TJQHw-Rtiuy9SQ9JxzLtzpEQglCBLS2zXk069qnMU,100000
07yiQCnZddNZsU8DMuiuQw3-Gnm2ixR1JLTDXmWl_So,100000
6h25oYs4eqFi4wZF62N0serXExrIDEVcK-T6GBKhgZM,100000
m5GU-OYyz13CdVqtpUMeIrXtVKdgQ6kfCmwolud8yiw,100000
TA7J9eH2Dga5qtTKPnyEa8JWZ6OVosn_aufHlMeh8WM,100000
secbAR3WR-CMdpYc-Yr6_-qZyChYUGuza99f8It4RdA,100000
p95cgaFUfkHP8Z3CLh4OhVqRl1Ei_J8XBTQjNNHGiP8,100000
bc0k3hjkC7fxbYJu2D_EIoKHBObNKjXQ8GLaIxu4lh4,100000
BIcC1VnKu-1xfb7E-AAMMnx4DJeYeW5dnh1YrQRaYBw,100000
Xwfl80ZJy-ID3yjU72_QM-jr05MoGSn40RT1Mm_1srU,100000
gGCzfdkfR1z-Dc0VHdW4l8-PDG49mQIeGe-XGtrRW1o,100000
fXBOy33AydzrX5HnJ2Q_6AbYGpNn1lw99S8cxFsFY2s,100000
8yLsfCpDCPo68HBkcwBwlHcPyMeH8o7wdQOJLv08xPY,100000
rhs0ycajW96qljThp86I-OrrzpR05wlqRMyjDYbOsNw,100000
Q47PAIDBZBLWv37Zyww9brhn90IWAWBdeygDtiV1Mcw,100000
53DjCWpsoxDGbGhv7jKzJE8ITGd8e-z1riTkAP4gi8U,100000
Vnbq4gW5HRASqmfrAmqLN6vLd_L0-tqdocnKVdZLNmI,100000
MGNe8vUZmjIgkD0kSTx_gzQMkc7fYzh2QJZX8ioltao,100000
t5XS8PLSeKzL6yz5PiNhL1ck955WXXQjaW0AuW6sAzk,100000
0PhQGxgxwozdTh1aY8_kbVquqr6JF09nZuaY4gdP76M,100000
24YxjBulMcIy0rmC_DxejUeDlbHWXNopjMLu1ZBhnt4,100000
L206EedYLJi9aw1XjdMzKcTHGmsa4qM-SWS2wKOOhJM,100000
7C3V6EOSfHYXPjn0U0Fkp_fhEhQa6g74akCC97dLQ7w,100000
ZDojENNTPqKxgdURnrOPz8gULktlQlG3SEvjQdTWkP0,100000
L4Hn741pXfn11vMiAQ2ustw0gAY2W6CdrNqepYbnVDA,100000
OLXFYAUv1NSt8D9XwfAIECm646XBPeExEQwxIK7VqVU,100000
htteP26LEgvzoTV-WcR20NRzHQjpoB9njCmiZwDcL9w,100000
Xd1aO0BT9fRmvipFP9NgB89Wai2_27fZ7ZAz_NDeBeo,100000
VPPnauxrBGzyVlb4aGu6nGrDmtXH6NbiI1tT6vRfGmg,100000
TdA1iGWvDD6_JMMhK7wNtkSP_0AThQ3FVkjVkRzJZgw,100000
ZJdcjiOPXXS0T1_zgqAPWNlLpc36SJ5P3CvGHzQCoC4,100000
-1U7D-l8DRgqi5nSrgNHH9wkMe6YpsREUv7MJNUZdws,100000
0M3oMvC6T2Lo1nK-KAq60GPVLU_5tB30130nJ4IjLqU,100000
NXULugRS3ty4rKIjZ8hBkViSECwHwBd4cObddrl_PvU,100000
Z2b6fyu1DRlzGzuksiU12RqshrPYiIHpxcHM_y_VYhA,100000
KMHXU7VIUTj37ffZ7iSNjNNku5u2F3yaQUDIYpA3AX4,100000
RQDZjak3dEffaqsNFtWY5g5Y9dvL0UK38zu0um7ETek,100000
JXEAbD62XHZdBJFFD31mkFChxyfhjYx13SSNw5gFWGI,100000
TQK8fBibYFZAxbtk6f8gjIB_et2pAaWo280Sbyxu0N4,100000
k5tQ8mtbCR3aCUUIa2aFFdQhTl6q6wgcdgxXpZ0WPbo,100000
BIPk50bJpRUwq6Wvp3O0wl2BRYCkEt1mczwzOHWxsPI,100000
JnZ2o-2TUgGWn2CyQEEAf8mziUJA0BQEcTH-fMfPARw,100000
o2xeJEezizR68ru1s4Jc82_UtVOuTJrbg8Zm1X8Yps8,100000
wSzMKnXHy-BMGpUsq5mDjHatqRbFdLEmSr6RvWe9Pe0,100000
0fvcYz7tLqs6p1P_yg60MStdvBHJnnbhmSPZqIolDFE,100000
61w7MUruclzCpiaULu4EIryU990E9neE2sloyOLvbVg,100000
q5-ZM9KXk8uYvZMIqIX-M8v0wEmoZygs5jGK49EOdXY,100000
r7jogId7A_OlMLAdBmqp2xhzYzHCwbf35r63OEm_adU,100000
1GHgJuZcl0ydhYz7wZBfnNj0aPOa5n3DudrtdxzW7KM,100000
rXbHmWO3uPLqm4I8x26gOAiW25gOImxer9ywQME1S64,100000
qUOhM-xRMksrk3jt5i8Wrlm068WU1vWwTbclFK_pI18,100000
V20XLd_zPsxjf5WqAddH5cwAVeoi54mbNnP21JGxzbo,100000
hVbSqm-1bnI-G9T3gGtiMmfK7Pf8i0zO23WUxhdMcAc,100000
0IU1RkK7hiM7m9rmnOXwGu_02QhVpyAHwdKXVtswMzw,100000
icEctMjF5gnqC_NU2HoRqNUUSEvpMIpNOqAjbv9S63g,100000
1njYhiAgEWrihVvRkUH7manm_EpHydYzcQeOC9H3gGM,100000
6JjvYVrgeiigZ-zQ_6dL5UgWxPvBIXIXwMa3blt4VmI,100000
QQ68TqO4M6XN_8IjCUBXcF1XAMxQOOcPcuySz-RkOGY,100000
MqMJDeF9T1_BBtiPjac4SvJMHXchzKLjrbMK8Q5NPIc,100000
ecJJ7u5-wU-iPYTiSbYtHp4x2V2Lbtbb3TtXIyOH1c4,100000
Wj1jovtgWKVVTJ6JGgLjwbb7PxLt3pSRUIXhmNftcAE,100000
euz1BHurar-6EfFzuXHZytg2ftBVO2EMFD28ZQNS_1A,100000
w_Ml47RQ3SmsxcDOUFhLXjSVLwWx83NoyKuJvBACga8,100000
DfSYzyj0Q5zZYSo_g7x7jFrsE2U0J9zakWgKt5JZ2BI,100000
C2q2BdDclzm8jBFLGSBJnufNByFhVGaVXbOGaqfcmm0,100000
1sEWR5zgtUdmWJm_LfwcdeiOaqdokSJhSCKCWLQL5Ag,100000
-bcEnnGAlRCy6dtOYxYFY9lICwLINWRRXXdANkjymic,100000
E0HW-yksKqzEqF2HJ0Fx3EdhaWW0Knpi_LumHsB1hk8,100000
A3mdjlqzXvVbS6kHtUbqe1Byoi-CnFrJG5ZKuef3Ogs,100000
xbIBFBHahAxD0VyC2l0gH7yU4busVGFW6u8qJgX73gc,100000
55xthd91GM9qp2wK9ep9H_ARy2GATioZpwSp3l-qLVY,100000
Fe8SXHp_WeCxJOoZWDRVbOcn3h_XZFAtv3QcsWqu2pY,100000
56Y-NCaqmrn4hADi0KTJTLkJusJJxE3XVcgiotAnniI,100000
lwjZT6foBqwqwCpsc7zdCGhPektWLF9yynvQ4VH6eeo,100000
7c8vGdyTXmeOOVTZwo2J_L2ZDC62DW5Y2K8vTvtwktE,100000
JFrHdlHFcHhdtd8BdXYGAQH5_lx4p6Z9QNxYYMWyt0w,100000
jHxuyJNsrzbPbVxNTazfqWscJPpU1AZvmbl1Oa6_HsI,100000
8SOIdvoHMUx5PkjGLziEAdcFvTF_4s_DHFD3dKoLLhI,100000
WmlCYiDhYiP7bqyndLaV19pJmpuB__0W5SfqMuWuU38,100000
_Tjtr4UmyW9-2gClt5JzqYp0Od2Y7-LTAWfkzbP3ojQ,100000
05lNyHqJVMfOYuFKuB6acm17roptrwJrwxWJUJ33DK8,100000
gE-0R5ix6WQ1-765zivzI_R0YCZTisBsPgG0wdHS9ys,1000000
9_666Wkk2GzL0LGd3xhb0jY7HqNy71BaV4sULQlJsBQ,1000000
NEcMFcdT-aliSrCto8u5uZVfeaIfLyK0HPvOB3pUVDQ,1000000
WxLW1MWiSWcuwxmvzokahENCbWurzvwcsukFTGrqwdw,1000000
kzJ8p6DyaqWFdb62S1JTdUKqxo7cs3B_J5SPK4X2c0w,1000000


