rODL-2gTgH8lbRbCDV27Cb6k2-Hc-0GY56veVwuTdrhI6A_EUqliD6ZtPaxmBWSSVP6Y45ArgSmK46ZPEXxxQWPA1RDA_lC_ZJhKrF0bZelEmpwWd_7vPOV95to6N6qaHRP-VSbIGmghUEdAC03jAN3qsS-FlMqKrsOhJ8-alNKXQSiL9jCIz-HyC0tiN8nAOtl0_yTxW08E-s2VnAfBK6zSNfOyfgOHSYEjdymtey1X2Sun5JhALGuU2s3e0UGgOGgGPk6AP7oQehncsQPf2SpQgG-fzsi37yxLqKt0BwlKJpyHnsoUGIkl3E-WeVTpt8tNJWcpKalPByZFnIJFmvCeU0o-iTd8wxlpLB2GBuM0H0_5SDzSTA7ZH79hNF3gr9n-0257fM8qKt1jwNMM-AveOxEvnD8romb8be0HLmV9GmSP6YwU833MAxySc4_rHAYGjchaZI55hbeomk9kcPHx7I2H6CtED0j-1yNVHlXHVRCgDlrPJrQB1Chbqr9CHg5ZmUL2thdo0EWqnHEn5Km9wHmSsDx1KRs44MG7-6bIjj7eEtRhtJoJG7ysrFDf5qFuimb3xFgk6l7a3bDujczxftPFA3FbO0fykF-1hdkbAdIogd6M-VJtU8pOTfkxFTp-RYlUaPUhgAtyqPKzwaHD1PEreqV3BdQU9pcTl7k,625
n9OVqW7RDDQ-KUOjlZXpW8MvEaRr2BwwjsENk4Uh4SO_Decja30LGiRILGOMMUkhNTUP3HGHNEnnW3IADKTiC8qwpC6iT3ZAPSHsvRGc8Wh0xl7eoTBYNmQCijhD2smUBZA-BX6ML0Qt2UGgq53TNvgpY9Q7u2P97PnDtiOyS11Q_Kdt6Ebw5hzE92cWZpvE2nvZU5aE5vUDmsSx11JaJPG5qaOX6UcAem8TFYvlGlP2gRYubpSuJiUjPCVKJ0hNqlF_ZhwWDqq6kVcGai-t3glB4b4iBBZQJ8DZynXyaHWY4Fd9C8AOm3AVLHWqvayGjvMDdbY_7jgA9T5VZg1YfYgV12v2uHdh6yhBGtWCG2LpDzmzIXld4mHr86Y_qFhjNVrlaCM4We-GjfPrEFcT4rh8Z_rO3T4i8rjfEPqX2lm6TOzrYC2S1sNJyGg_Bzy2VR8HfkAjGO_6H-3cZ-STBDI7MUH6ZbF0CTcbFqyC2nHA-GHUzTfI3-9ijtWF_40sP9BpczcB9jwVNnBkb1rWM4GE_wp6LP-QixzpPgfky4HdEs5xfvK8YzR9eN4UhQELTVL3OOsHMk_xx8WY3bsgbZ8vWEXyszLT1hOn3eQ4N7goHkLEgbGS1OzzrxpH65ACExPBk_FfAGvOaTUmyS6yCRXryeU5FXaulwvnwOssEVU,375
wTOMsFfHG2tboSBR1WD3XP3q9Ml9oCrPnJj0GUd4FZ_hFwp4Q2WV_WrCOh_Zz2U3txQy5teaG6uFwP1cgQbaD1C1hAZupzcRt6db1XqCJNZd-vOPJ030Etn5nt32OLlROLR9EFpWolMRMaT2dDouwx1v1ITTfpjOq1liMofZPKFG280gwj4MYVWdAC-0hiwbBx5yc3yZKfQwOD7hAVKbNOWGpA5LLkkRD0_BzSWqgt6_RwJ8pow_161YyYLYWXRzhS227a8Qg5z4N1siqfhnYG0yGNwFKCExaw47IJ74DIrFcqnivMvnFN7TC6RDLh6YpwhDZgIbD5VeKQKADTxjaD1dcL2udRZbcjJSk3jjVUPIT_Hyd77gSy5vqFqE6_8xg3ADcsyAq69D_7uYQKPX-jwsi3ZuTnrW66jRDXIN9whYauy0yqfvn1hHClNxEgfE0891gG0gTSo6yo-9Y_0VXx11BC4bUEypVW-WlCZNnq5eXXyc-Hiy9vcekFOsj7s5_VmbkpssjhkNxWhyEmxTVsaZH0Sa44mFexABslwSpwetuL2ZVEmGQErogaHYGHTQmkxTGLVEnr9-Y5_QvNipPVAdxleTFnnRLUv0RpuCmIpqn0U4kun0QPwpmVm5gvGFqkexeTXxMfjMyxF6_uVX-wttrJlvj29TU0lWTMIIZZ0,2500
zpB1oi2MxcK3grYPXCXCb8w7oXl2oSC0VC8pjAUl9JTZikLFEh3sgisvFhXnu2LCB2wSijOJ_sKaZHiG03zjavAIwrkqQzzU_cQGI9QNZlr2UAzMFc1--Cs8LvYU4MC2rF7quceKaBvURLEMQY8lI27hskXNDnTPV_JDWO0jJZP1LAqsL8fyzT_8_AuzFZj3Ydm4_xAt-EAs0T92kWP33gm8MZabpJGkkcxqT8k3Qo8ki2oe1Wr8lR4x__okRDILZXqZz_sHJaKxULJUet4ng2tE9c-qL4Zk2hHYAhq6Cxc1IbWbAPFU7O8kL92Jn59Xg_YHKEWIK5dLnp3T9DhX9w2mLJfYjv841YQqMHTSFK_HEwZTHoK7fR6_q0Al93sut7D8E2vH2pD1cpwt7cAPry6irIUOWOxGQlmIGzQh-5fPL6tDXhr5qUkybb20uY2VZazt8ZKB69UjrdA0CjoxGKMXWr-g4Qvf4aDRQYX_xWZnMxwRzMOf-USdLT07UgHkucZwLe5n65OD1kUd-Oh9QjJcirsCEbSNZ7uHtn7tNkctPEVKoPHVf8rNboyh7UAtBu-pwyPf0NiY0YWMQZkBBdWglgJ286Ex3hp4bl4KxGxKN0LiKoN7J29v0A9pWUOviIXtW1T4e-MeGHMnb-fsBk5ZZMy8PSXm0oJagDhja18,2500
1QaA6PbNA9--_jB_LzgebIRZC7LNL2wCO2OeSAJw-DRMzf1JxLc1eH5KdzIKSrLsIjIvlRbC6fy9qN3tGZEKzgVFQSJkvQO9YSZklcnY9bFQcnf8ujbChfC3Rfr-P_H1hU1GhHWtMlMAKSU8pNL9IqJXT0SMYkXQD90QVvGHtA4BaEWKMESoAY24HfTejRqINpxJY87xCmrdCJ11Jutv2TISBlTIZ9oZXoqEdJT9A5TUHODp0h5UXz-DPoXOebIoi1g1jJ2d65hsBYmJSPlPiY_rLGghrtBCCbDnNUuPM-sbnB_vV3UOP7eA7kKMEcYcP4BAnJym_Of2ILgUI64_T8R0ztAsqMXBJr9Lbqio2mX-auKMzK7BUWqhQPsC1TzsTf2oObiEm42ptrMMHSWdHhtb9zxUFZTEmGVaKpK2gxQlITITStK9Jm20y6ExhJ7tYFtYZ_-M0rAxCpLtm4NQnJzekbgP_ghsoMKAuumHHCUADEB9wScnoZqKi15tWp1IQ5mExCiroMjAqQZJZcauAbULgLTX-isdkoIlRlgZMlqQspJ3E2nuhqtx45tJWiFEavykeNMaPBOemnTo3S2qPTwz4M30NDMBfqWMWxcedPbx185X7X9tohtW2Qhx6eob_eVjrW2h81zetnbjLHsL8kJZlfcPaFjtdNSh2ooQ_ms,12500
vQ81GMB0kr8hgC-gjLUj2kpmrA1FHafem6fmYDou-pNBz9-XacF2_a9SThckBGkPCTEa8vYdugjKYmz5Z9eMDPtJeIDNvZKkzCWEtTkr7t0JIwKApB0NwfEmXBjNIpxPH8M2LiFTkNb6pMXmxEGikoNPV7pX_5hQAPoi3FYQLW6CWfynI4mc9-awtCJiFcbtQYdUk0e8GUnN_zOMaBw547BhX5Wx6DWhth_Lt7S9o2Z9gi9zpAc7g6Fz0rDO4vAq4IMEr2iTHev4jqhr3No1969T4-M86snHwQRfQ0xwvrT2HkE_pj0flCdhyPKUO0Wm8OdOjM5YDdNyE-lWG863G-GeQ-PtmXVTJduS_iO2NXtJC3GsojWasxg-jvOKGkH98k_TH4X-92Ikqf91fWl6B7OH3i4jDhUeBk-ohvc7PY60mr9nvacck8gpBi8ojGIn2w5bTxe1fcWCHC_bJ3DimLYd24CNEsw2fyAdkX33ad4mgp2FfpO5BtZUsjvHSqiG7ycwWt_E4oycTTB5Bezy83tH1kEUk-Ws5SPRtUk2Nbpy7Dn0ysf73aXAwYyM4VemPtsP5Engl8P3YdDXk8ueDqKDrSOmrxYuid5sgMtkeP8sx73mWovETeY1KaGUwCI5FSufMUay2Yhxkjp--KH4iLwD4tZU1TlXl2FqSTP8Ngk,2500
2K5-Xg_Kcte7IkCmBGzW6X8sIqhBN4vSYU5eXGCDpqpP3-0c8Xs0mb1UKSetK9cUDFAwUtpVu5GM10Ja3C-UhNCvXeJuI38NzmIleJRfNjq3kn2X0XB40UVlT2z7Cxol7q0Qmwi-0GqDcBsEBkX2N7c8j0V6YWZaU5gMA4qZ-b9ESaY2nU1DyD5xkxqhANFxCuAgwe4JGxGyHRX-jmNOOmurVwBUt9blM-Lw7npSHROm9hpI57CpQiV02i_YkjxsAreSTiLiMUHxwu5uLY_ysaXUKXfnFurcceEDV-LHeHFMlWMeOREa-gMD59C6KQMsslR38eVX_DB-WoEnd9ZCpGixjCeMtAVEWCLuE75VfpA2kuLAdcIcuzvoz07xuTIljdVNwFcEsYxSkLFK3KlRaYlNAGFDz79Y6gMsN7_nsdRi_wyp4_4GTm7Bs7aZkL3KpGFBXF7yWGrZ1NPDDcUdhWmHObxwJ-v0YJBYNMzbhRJcs9LMi5Ym_bBATq5jZl-LfUc26QyTvesnzNHoHYeC3LXxDcI8zBpfxf0YMWst31MQHKCvoejB0x9v2dsCB152bW4w-qEN1MWqhzAaKrZ11NNXftg56GwKPbZyd4_gpSOtFs4KlqKywT5ntrDBlQVZN3nUW82dE8TEO4nkb4YyM9up1r2XwE3_kMkURnlya-8,3750
xO4ZPKb1ZN-2jRrHPWcF29CW5GR5jLo_FXHresFG1QIfwyMLxXREGhE46Cmop9sr1Q5JIJnWqnFbsX9O-60X5UcFb8d7HyC6KeApmF2OfhZ0aMk1B9mGcJUVH3mQCBJj91ALkRNtJEl4zA6pvrMiuXCQSrrO87X_py0san-AP8B28n-aPBqfNG4xCFkzJGaJ8ehR7F0EqO5rkTA1cX9jCS3yvm9WfB6wEhJgMJNMMyayidbg8idJHB7LxBzhZJpg2G59Ez_Se_k1LFTSmO6XRO3OuPp8l4WrFgycPhpL9cyDOc_tGLb30Q_r-xVv42VqG6JoR2u1I7CcXljJJ0d4cXeesVBAokrSkcBFrSU-GkpyWJkkdJaUNc2hSJJd0y7SFz227wYeyHQlRMrA-GP67BH1X-t92EEL3LBRggMgOA8vu7tgrwtPQoVN2qnlL9AnQGBe_IqmvarBXzJgILjULqn6YJFbnhKtOOkyG7MPXH89ECIp9iLDAXnn4NTMYHMTKDbRe2k4lGwoRKqzwPm7HOzcfVtqoCLL6yZZ0-CDk7S1K_0HuXIwhsfOl52bomgt6ld7wSlL5UMj6EmPbeJLmOC5LtOYBaZvw_K8V2iTu1yjzUSCAZfYTwhgfP0QRLK7kQ4tBxoLatlippiqwgr11iD4Tzw96esvgkM3atN1qSE,375
8BbJrA6EfergvXy9cUHrpZbRLLvgUWRit7ZUzkaubcVUFuPKFbzsanUP706KCAlFRTbrhT9IeRUhoir9qKWUT3C03ul0Ve_SOgp9yAUu755VGsgvuJSHiTnMQoHNViunpS73IjOXmnQ1aIqSUky6plwOX4IMVrhTMhZtkO6yozqaNfROPgDZBTod7Hfxrsp2NTZUsKGFr_a3kvOfGrWlQPdu4GnsZcD96iQPv1ySuGIk8dImG4Sn_PccKUSdTa4Zmu32kfK5QFIgBr_z4fsh154DZ_8pgFIXJYT6YKxwCnioen2KOmuyOF2Bh6y1wR1S3dpndwQpHD0h5cK-1wwODqjS1h9ILyNNfdAUb_jLqGQ_4gleOfD7bvb7My1fDXMBz341TerZBFH2ATa-110TXv4WLL2MqF36YJACKajYkEiqo8luBuPKRG3W-IXEs0tpraHtVopAq7TMH0msH8QnAcnQ_vLA8Re6Yy1hKR3VBa7-u7QH0hlTavrKnUJUWXKSE6OtrIoluFXngZktKAlG90y7wv7IigFEs5s7SGCJiYXmPlcD5WHJIr-8C0KsMxrBFie2SB8V17QmSD1aqfJeBJLkHAHt2_8uLGuQm2pebJRyT0X53gTCwJ8-qM7clUZzhNU4Q3FEoLT-oa8hP62zmv-B_g11P432vOBMpqE2aEU,375
6-CR-MY9EAhgKfSiB6BK56KCMKxJhitpI97bYMHRMzPreARpgr5jnPiPwM6DjM4UAk1xQExMu4awgw-cKqm6ORNq9Tivua2A3qvZjFPeSk1_ONqfscRs4Nd8E6eZOPyYBVSOpNWaMfMjgUFguORp9UibNUantuYVpsuwnoQ0Xbh_h7VDfVVPijHcJXLlz5dXKSgZl6_vSMsfVGh8AA5eARex5TS7jB5c2AYikx3mtTuqV9AhwMJX-sxdbzbwkcWzhmMaG1S96yyu9agJT5J7s62SewmO36Lm-VLu8pGuFMBn6a08o1ze7n4L-llyXA8SQnwdljKc0bhWv0OMRxfyKFK2Gul1et39-OfIwIrHJCASLQQXIuSAsg4lv1_0zHmlu_RafzJzRGrW78QCQkgB-5HNHHT83SJpROts0CXQaDvSEzWjss39XS_cv3ACL2UwIls_a4pVg7dE_IIJ3gKvanqr_kq7X2QbqGX-cUHS0cHVswPpnVE0dmrPMVhKs6Z8QGCboNuxrwykiAP8pFYjqXS0e1qxWntVRjT4hu-qIx8t3Tcv5EPFDZgSZVwWoMnwWjfg_Egr5w9PiQGhwyQAW_2tj7AVwiixSgYcuQLRhXV2czLn6JQf8ERstA-S9BDqcx_E8kBxNhcX5BJcGEYe6FvCvACbIX8ENWOwPhndwA8,6250
p_OLW5dzHiuuHKgNCQDn9Ed-cuyteKNWkO_RkCcq6dFXKV4rL0nUoesE3Q9fhQAr9WfUb9YiYGGROa-_aJdzITUyZqZugIBMcptnVm_RnOvvt6zBoCB9X30-FCCTyzWjcUMbffRO6ssM4X7zmts5W09_sJM1eMsn4xzoA_G2134HgKcv8w5KIRWLjdzqw3Q4m9eSZANjAgMf6R0j-My-HXQd7QCgoCsuDVyY5zxeFJXP5F4v5dwQwk_OcC5yw8MsALoaQIYwu3kI118XMawGVwPgZQPWaC_RPNmyBU90OqIQ3lejVEEpvp42N4mFyjevcg2SWP8CRyIf6aaK9wBMKX8GcudtjNgeHAdL8gGMelRgEt-lTOZ9_L9TMMdwznVYWgN7ewJRDFW8CIRNY1ygD4HCk9ayQcabK71tBO0kFRKy-9WDEBg7OxeB9bTbeo5qgosfm1sTiqVrV3woL5IfmAshRB3BRbpuwx5b8j0bJoUz_jWZpcUQ2uRofDeqYcF0KpphFaOQxk6ezOqPL1c26yTTeTBi1ntvcMRn17Yk1VhGLNZln0eW_vcgzQdI2wkHPVzfaYJlM-7HaiBHyOGRXxz_XX-TyxLlSZtDY8TaIIcBrqGiWy4IZI-2YPjkNyWSCjSaDOAv2waMgFk5mPyoa-SulQ4YxpN_HMJDeIbYUm8,10000
p60reE43TWkKwOs2dv5BGN8DlLhoT2wwPSs10dfyQJBAAznoCqbdvc39GrGXGE1T7K8bdfwySqRdx5-QSZmTHd5JDlwObwJ_4z4kpuahm8dL7p1hr4WH-He1NwvnPjXOekI-bt-MDu7GSOXs7IFz64XyHAgyjvNgGraY0k8Ca1jkWB-8Dq2Nm-vFH7IiK0MXAWVKEYgsbaDJ3xar4R0Jsk6tPaV8w1fLvVQViCnbhFS4cqH33mjcRWLpWIn2f-hVtvOEEq_Ps-NXLvxzdu0os9jlzAqu89uZRuh034ewoBYTbHLZIOfJa0xCJEjcnVSm0mLzvqcwkh_MsBcmGr8LlNDR2pkevi6p8S2krgNn4cl2tGUvzAn21O3YNs_N3IRea_ReRWtSezwadvTzFhWbNEFdhiPYIzn_FZoZUpk158eEeiSiT6E6_CkPUKcjEkrJUU8api0kdVayOgzzTiCsOkZhqOlB8ynv5ahjiZIBlrAfJs4_16ra0SupM_Hg6fdIBYX10WZ5fWNUSZODWQrwzgKi6bkaaZuLJzdFl6j837x91IUc6WqDBZ3R-vtZB6PuXzMrLeI0OurHyEvEiwLGIfW0gfnKgG_ZZhJtb-VjYEK7wjp5j2LEH3UQepcTGK1U8sfyaz9yXG4kgKE61_eBoo2eAKKAIluXiUFDQZSZUUs,3125
uiKAhYn5YD3_6htVAsalxU28d_Wo0_V3cjRSm4qCeN4Zng2U44s9DMGB7TYBtSgR-cN652FGpA7uL5jY87sd8AyVbQA0O9FggNR1KfOBVmmIlg1xRNF7szhTl8_IsEILxnQzaLgW8P4BSVLuKKSh8XEO2trFwJFLIUfUSO0bX5oprkgAAzNTjiQ6HOGxwQR6e2-4CgmdqqxD4B0Pe_RzfoGusFUfM1tObIaGyNTVkBMtmtbF1xMpwNAzsATlVLJOI51fQYLHbuRsBtCJ6nrrqVG1BwIUI8RKbEzB75QiMz4SjOJ6IFBwycY7DeycyDLbb_LsV0s0om3dk6PgZa7eKwKPeFDyiBIY2SPTlI0v_3mYgLOGwGgtsYnDtau5yMRxCEijx-dvJsAi9F8ui7-Q-aDLf4tkTL6CQW-HWlpEfthj4Huy41bGMGFm-0GoJezJJKksa7Xf1jXnE0hEBw2wVD-xO01Ry2KRulCTXwzMBgF0DVYQuRded3vIrpDM5tAqiO_ZF-XMPHrvgmsCrq_VHHi4jr_PO0zQf6ruBuyCCuSd-E-9rUsv_EXgWfzc-Wc_QLSlFRFhcDLixiVppqTSD5SvRtpbe1hP4NnCfozT0cs67jhaP-djfIwgco-t5VaYc4mN43M9QoC9n120F8_xc-yZCmxU1312tAlH4o7ynNM,375
7BKnpxS9FeP6QEvAy58dEIuQUk5NW-ZTQRTzwFE3cvoyqQSFKzZhcHuMkrPw3RIEGraHyhNJYmdebCKrbP_dmvuMJuDUzrt16E74AyfGR7eA7nEGrziaqRkkQGBcskqZVrV_9E4RTfdSh4Kikvg_QkUwWW9z_EQY-7gItSC8ZcxDZPEgsQVzZckYlTtEWA-SES9NJ8idUd_rBh_7xKYDKD6Gezn2uFq7BKR4tuMiHrB6HdRl496mu8v7EeMKY0lsNPicQS7Ylce-YNhyGPDwP4PZWHW-hJ8xOHn1DJPiVWbp1M4gAJghVE87ISfLUm5_hdTsl-tCCKOZCqOhaqCXfJJO6y6j0VVtcu1pU9AFUIZ9cgWuETVjO4ZGMsJ1iKqMP6D2Leibm3-CCXLEm07cOYqyFRiLNY9z8GU2blc3sjtyrRmFDyGAyIJuUeZTJ8y6YSyDjwCLVO-Q8274Umz83imgumVXTdsRYpz5lgjGQX9D_o7OcdEgvc3uMoSGrhUvOsratGP3vv8EUtnbA9B2sgeJap2C-KQOMPb_YorefFYWirpWgjFg5SeW5avHZXQHjlc-xnhBkPlpq1ekIS9Q0tBBVoVhDaMwLsTUfXUCy-W8b7XXYZVdAS8xbsWnIklXIvYnxdbbahNRy0fHIXxwiSM8HUX7tDpx7G0GXqi4taM,375
vjr7yZfjJSLdDYCP6kOCRmEGKAcsTUikanVvVEiT7gGZNaAD1ye3bY0MyRUEMMr7FnKmCOvvTJK9rO5RHs0goYSmngB4aVkns1iviFjCAd-m8xvMqu7ZDvS9S6QQ0fk6YOwLyY8xhxiA6E-6ucVqnDcAeg1eVWiPLbNO8FXYQPXQzliAZmmCAGcjC5Ecupd6EIrckXW2Iltf75Co3FdA7RUmH0IIXl1swkZUc0ws2jn8yjLIYCAw-sZ-CMbRUNP1bnY908r4_FCqzDSfw4RqS3ejB0XefRB-6lfiQVCTUR4fqqN58-ZuCWv8-47000-raJY2vpbWDmbGdYvW6jvdalAkcVTleD3gcjaIXein5dQy9OD_fCfv7Ca3LjGXJQkd_0hNec4loqru41BmcavJt55aJJ9JU8lJEeGfTxcTvVYegdEQje25CTUYeHP8mXBirpB-5yq96XiCkl4odxLt7qWprrvg0sxEK-W6Y4BlNh-M_O8vBMfbPtVfpmZgaXTMsa5_G3G9Nkzzd6SqKGOqbrnxqe0b0DcKaK6Ebs_RiLaFiH8S5rqtbHo7w-5Y9a9GU6765d8VS4H3P4Z2SOnIkp4KXKy99T_vNYzdcsTDdxX6hM9eVhMDJQO7zkfhjucCW0w55YR3AgPUgppcBCLOZnOFzSKXfWOdcwb2vG-V970,1250
vrhz5YMIcHz1j_BlYzj9FoocpUPxhrCVPboJjX81b52zwzmbvoTE9PHYOXqdtZl9waMifqg01Ihgt14vd0kmarLM3gkZ9oxpL7_Aiu06NM9lgDDhvuZDw1ONXOCH9pVambEP5cppN9jrbvZ3zTJgLjlbG3_qAsPQUPTqKoCy0nhkuWZctapiqsq13aL2q_qA6Y6Wh-GG-g0TqDuJu2P6VLteD1RifjFEZzbwUE4xBRbpSfeb1QwrdRqk4mbn90CcdphNWaYuq04Ne73db7cz9n234KavWVE9l_bZSRIUg0o-Zjl0Gb1nVly2E0B6-YE_32xzedMmZHWLkSavnXzUyIjXkzsdzw7plx8bH00COvgwcbV-l4e67gVYnJ0gpdfCv6Ii_t7mXw-yC_IgSyLieseL9nszTsR1sO3pC3qs5dNKtmIIB_XgnV6wIjAIU_Ab1nlMMMjXDxv6c67G4oBIiMqXZkdWNucve659A0CeezGi9XNgLI9NZvC2BYmRIZoszWvFO1L2KDN4dYoGA0fFLR0oufi4U971LXyrx1jBGXi0xplrwVMHfTC88TW1zA3TUPuQ9seCtFQpQbRjdEZDfjuhV6WpbNfra44OcGjxicjtpdiI-96SaKSLEDKEB9YUiKJl1G7luNbCv9jNCDHad3OlcZpufnztS77uw8xVxi8,3875
sGmzYXzA8B4FjtWC1FmpZzZJ8uc6Th2d4k17CGC24aoQf1-92K_mdtM5RNrhGexW2MSmjP8YVvV5Uk-q8BJJVrKfxsuHUxpJlwaWgYvHAVsMaTqpeZhv-mDsRVJbF6LnArU69VbpESvKZAt5VZO7UY3S4zobN9iUJgPnfsUNpOq44e1KZBwhfOqjQTRgZpPYLmqXPMwIKfVj0U8aa-g0BsudvR4nyrT6oiFmIQFsu5UNBj1Ow1zjPL-K7PFbawUx1x3DRoS8q0ppq_nDUh67FvGlPBbNZi08iQTpQmv5RTIyxZcAMrORh-wDWKXTKncJphm8-zU27K4-FVdw-Q_6SmvWKvmQop_EeXT5prztuIQ5F0bTWTEHMbSQeODo9Jx8YJ5YSVwyxF7jgFpPz6o-PSPXyfe7lODXwan8ALfZtlxk48rGAfb2n3zlbLPQ6dBRwyTKUaOU44rsQeovUCEYyGaQY6hAR1wybyWpZXMor6ZLmSVrQnDHLCotegaMVu1toN8CkQgrXE9avGDoRq3I6pyWbnZYW0aqiL8NSN6RTCB_S7eJ7pNXe0_x_txiQxEJutDnONxIQ2F7M6KYt32PecKtWhc3OZ3wgiRPvoTS77uc_Sq2Li2gS-EOZAk9ZaEbnjXEXitynA6cO-e06mqdbbPcH5vUQv-ohLi14lJuKVE,375
0WpB8gQ6lp5rfgvkG6luXrScaynBRtd8pnDBmhg9nALWvAoWlnJlBB6t69vgu8Vu8azWBFCDuQV4jAo6D1mbrm5Csd40d0BCk_trA6SEu4buqgDFLMpqBdI8-iTUReN8nIKtOCu-Xxzi3p-ACki8XlKk9JGx3T7kyXxQwc9aj486skB7iRFlm7Zx3-RDWgf6Xxq1mkbG_tB1ROoBPNu5xvZzRefwfSHSuaihEeHgbEsKGGtZ29ukWNwiJhAnMzVqL8gnPkTHDLIumLO8P9Zt3uWXkeJgwKgarxDceiqM-tDcM0PevnNdwZ1S6D7Gym5CvKv9j2r0JnpjXfyRdpwYvQdrSTCcuJwfdWasw1EXi_gsyuq0VRnra1hp8PQGV6Q6zrf72XfWUb6ToI4Z4vjQY4sgbK4teDi2YM_f9fn6z_NjB8JN6_b4LM6RpMTuc5bPX5mwSzSSINK_Kbjs-hXTXhnCKhV1pYBap9MmRA1JDEcSsPJmhu62H6NMh-xLEHAv8XpUBHxqPEkGRvuca6tjIWf0heFNIRRWlGRhh7QhL13ZABc8f6ywcRz00OyNPjZNg97yfC6QGpcnWv_oBOxr2eoyTYPSGIfErdMP3637wtXqLXxltOFXnRaetnipItyfm5Hi-Jq6jlAaGzAQmN_Uy8nTIw5d6AmD2ItrZEegV_E,375
qYrWX0eFw-3QCBmYkEdMKFkAFOZpKSxGiYdqoY4349uRx7LgkmOlFX_1KuPIc1lyxA08-Xl6hf23qUrbdBsbKfanV9y7h9Hxe-7PwEQ_ctHBk5P2eYoVjg523vS49O0hqIqkqSp0UMg6UigKb5m_dDKHDfVvjEimYyQN77pZ4DrVplKn_7Wdq6aVcZ77MJaCIbuCtgGSQi-99EHOQYxgX_aaMxh3qUom6clLjU1PR2Y92exW3SqPzyfNvrdvIyoN6pV_kYpBfkqIHIgpJFyc7QLfDIyO_MfjHdnr0lFK5r0W5LyJnOtJFeP1-j3T5s1NfJd9_ugL7mRZXK00ll6OlO6ibwTKZCU3UO-gmWnYZgUj0IrWxq489EhuZckjj2t1BVi3Zw6foezwlwC1GiKmu9Y8eebYajyQfY_fd-Uh1hif_mnErzF3897fw3z9vjJPKPWgwoE3v3DEkDFG35WmIbQEH0XxWYOzRnJbI0jF8i0deTYZc_H791IF9Z319AbSrEIu5hvr5q2xodI2nO0pZB6NvktuRt3qvmpY4pnv91ZqWmWYgfiUfV5osSlZ33JctKbSDZCBZ--xqVupiFxjoVfIJo-ihH3R1rLPlAV5KncYlHRpTF-9P6f2VpObzzu8U9QoLxpBf5UVNKmBG2nmaw0UnjZySSAW2smMXdQ3xW0,2500
nWLZarCmhv7OxFMD2IJuTc8pHVQK_Beogk_MHqlmMmcQVxS89xnJXgMrcYbE4AzcgWkBhlL_qzS8MGlWolBlT-QF9nmb_q6Rvn1qVtJkFmU41jaPUj36zvnJDQFv_y3epGpvguIdEkAVhgP0jIiVRG4YqRd2IX0NIOeJDXAG8Ml2ryeZCeP7PvWbm42MV9EmM5-RbzezTnXPwLsADNa35cZj_Q9EICAUmBYlp7U2PG7UsXSUa8MjJ-tAUlR6bIzb_zkGz9SgMw_i6NCYleHkBsx4pMXPECNZMubmURmUzNz80BsWMXqNmvNjvsNHu6GwjvhhOTQJg4eE0TBI5jB58YrSryziPSGUxS5ywbsV-KUciZbOIpRnZmnwYyu3eHzZlun0SzZnATRQF6ENReDwE9wvfmAKLkywwTlXR8afTEND2wBZhTnIgHHBiVlhELKnwDYmB9A5FBJHTK0ky0gjiT7tsPGnhT4d3u-6SkZtZ9NLVMRmfZvqz4ce6B5laIk6xVVJs2F4Xb8Seys7yFc6YHTRi2xxDRS9xsPQMEDVuFYHcYi1oQzxPMySfLxTpe1jqW8OqWT68hUNs6mhNvGLPDJVe7srMUsIzkSVnmiDJRMAmTHWkyKHaI0D6U0sBuXeRHN8zDE4DUIGpWiDrsSNOPYXYOXKRvJD_HZZRTqEfQ0,12500
zRLTvP5QXbLQbtmmIWVPBCBS91mGD3h1EzhbLMOfoEmaHimKAm64zVIMPImSS8aKk4RT5P_8g92LWye5GblCIQMqjTjhHb4xf6pppXYK1zvm0yCGIjIy2D32Fc4I2pZiNBRcD_oyBYfXnCFL2Ao__IhQ-J8M9kc2PK5RI5E8AgLrd1HjykQ8QEWgEC_5VPs9cwLXzrLJJ2iIHdlAcA7DQwASlJfrrU4IckuBXjTyFupj027fqbNo2H8tpWNUtvssazocGWzgMtQVtpnwvlggueqn5VtKKC7ZkWLip_wCfLBVbDAUD3VR_k0hwBFxfnMcB7Nwyp092f7GGgpvmVF3fWeKQa0c5LxPKmM2NKu8SIp7TaGfTduvHroSpcEfPS2xQ6M_J8gEl7djYudwG6iAQqoZWgJLcQAbOIQdkrNQie0vCeMXQw2M3S_nUNDIGWDnsdakbzJf22kmmFC7QsUei-W6AVH8wQQGaB7JFrICSiH2aMP1ExHELrISGqRNuhWEE1ui30hxBDaycYa008naBndOlU5w75TJ4TYAli8i9H1kDGrOrYepIiX4PmtEYTl6SLcnVHa4ADsuW4GmfuocxdGSApTnDfgkQ-vWVmhDuyV3jDfEYv--jl6_wLObV9FEkESLfNpxoL9CeD5drS-ysoG4T8uAAko6Ba6M4FJVgUk,625
6AlWEEMM53AzBvcXkPFwFmMDc-z7xQbEukCWNzFfTQfDGtC4T-kchm0inzLjfZDYryXoNVepKkA3Ld2hqCNDm0mS5JSXHaHt9TOb2n6OvaUs8mGnBXMrN2m-K_HmAKintzEDOfb4X6mUCyp9IOTY1yVXSJYSxkipJIiwHL8imTP5PrbjCyJ4FmYsb3V3M99Y3V-RRaTQ2Z98g-S_KHnl4o1ZneEDt5II2bqd7Egsf3tO7PH0J5-t1d78T6al5xwzOW_XkErPCbhVkrgm1WjnRY80Tt--TyaPNDY8qn9Yb3FN8YQOCZfXTUKRaWyyEb3rklSpSc0bPNj5oY9wfsxPuOhOBEotxNJJfx2mhZPWMHE2wS29TsP0uyC-mj85Cl56JKtnU3Yd6L3_5-MA61qVHJl_k6V8IL4ZDPKDy-oWeEZ6MiO3sxNK6HR_en9W49JtmxkcJm8RFmi_MHT6T2JEoRiRHhh9wGQCtJ3JXs42FppjIv0V8pN8CC2ANz_olRpmt4X_YEhRHwZHJ9EDc_zMFtoSn1gDLUmqjT3muLU6sADDyzJdoi6WmHcC3NjGkI_x5Z-dhKdmey8GmpWndQiUuB4_sZ1hokXvmcn7U4LBHeUbUIj3_an3lbtI8ANCqUJJ45KD1pj-QXMjyx-xxsYub6oaiSG0Tz1zP6PRtDzUN00,2500
yG2q9yD-8irusGRQVug8gyyro9ejtWitwU6byLRcU3CsYEzi4H-eWi_CTfeJ-fVyoDtOTBGcThaMNNpRq_LQAUxw9lYIo94CN7pLgiSOj2OPWpqOJ3jquIVpJGat3XPCqSkVinkJ022tFWgbPGE047BSPOarTTuqDPFbOfC6U-8ohTxGw2PcGXwnNbe3Ju1cEb3lPhcvWRv4A9PTIMUkAZFQvq54CuI5SGtcaAyiels3t4Ar-7JOLjYMPL1FyZe1-LfR0eAiPYrV2zqHludHQkGmPZ2hRj0xBBz9kVAAI9B_eAEXlrTs5wVFxgvxBKUHUcNo9dWcSfOwEtY0gPnHJ24cX7k6jEprax71rYqiQbbtLqf5x5oZ3x3dc3xVEdfzChJtobKswcJ4YOxiUAezdzmARGfWETN7DCrrH-l0pkkWSnjPyP6lOmkAkT0AmCjavBKQU7lCMISW087hWOmqs_ajrhOzkdv0FFKPiJXPRB366Z0wkPyUVr7AjJOQs6EzzM6NHu2DA1N8_5aRpuvWiE9vEgPPjg25n8RNK5bm4eN_qq-l0Vymh7vtoWmbbsigh-jikBFgxijLrPxBraquB_ZgYu_TMl3bhyc6gQn85REQcaiHy5SUvjQ9MrfaqK2BvBEyVfuh_mucDZoVAe_Z2ezZK_k6ltkZrQ0rBx8uIIs,6250
sEeMEQnBtC_dwlsf6bIgELdRT7a2GtgRRZAluDKiF4BiX_igzaLd8SKwThOhRN_pBjnwWUYEupw7WorasBJYOQyEj1RwwUyTWM-G4jklZOZrCgiHo36kuD_GQRN63o_zozNZmP4uNH-aE7SQxOOPzl8gZwxmACzx9pdW24j4HYPuxAGkWIkBAVKxUT7_bcM4SU3SbDCQ18cLi2pc05ID22snchtlosHH7z9sT1AG3Bz9As7t72XLGyCGvmLwXhRjwOl3hOmE8JXAw-Dk9GeVyCctq9d-evgwL8WNaMPoYv1YBv4VF40fnviBIiHJTUqR8yjy0ezUoRGFY5RewfBURxxlZmHy3gA6DtDUQsa4mJJllVsJ_Y-9nLLSIBkhrvBoTZngs0S0V81cWTexTwAT-ZDrgbeoRvsMEk6v5ckyrbB5-tALOrbt7FnU76Z6aT-7JHh0V41UAuuji_a-K-21UNxqPuwb-WU5c3A7rvC2eyRwvJbgDC8rDI7JgD2uIdaAOyHDYABsiTW_wnJjKZeTgFytrlESD1PP6U0qqhG_lZkxXL1ro4BL1Mm5_fgo7_l5k0fIv_aCkzj5P2fNzyo5J_qAUiWcLSmPnF8ku6MhZ13ilynWCTEhH8TmRcOwz9hbI_6hi4m7TAnbRBMG6YMekdXnjN7syPG7xQWL-yjhmHc,8940
oRqYypsmFsGMIQhZGb8Lp_bnw9mOiF7xhFMowYZegQPZuAbNnTRtGoOVyeFf8NOhwv_roRo4K3H0bbAbt2MRymJxvd_ySl3HIm6LmFEF2scGoWk0ftNQbjna-hOk70LKAKJGw2LAhq0a5M6MleUGv5Ur42dSRiTBQhzg1CtzY99VvOtYVVoyARMtyjfu_yuwONnp2BcmGWRYUwQHiPBHsGr3kVH2Hj9z5zRgNRCBrTxX7bccTYN31psmCenAG5GVPEnDq5PQUkqhVS-Nodrtm4baQFqt1A9HxINtY0cEgnXOCGCmnJM6A_Fd-dJSmjlsVUUlEt8sggFDyaiTdJ8pjMn1mYeAa5kkNn399UbsHIH-kwcI5OSFC4nqlP12u0a8pbQxO6mJ7C_9OlQ8uSzaH2UP69mnGBXoVhlyERQGe4TphiMRH7R5dnKs7UUFVoGCvuX2KmbzWYO2IrvjJqFyiZrdW55FvYaC8WuAZcw6nRemGLosP3gGsdBJeBJqgFUgLnPTSvCJN9MWLORxdJtD-e3tTNeqKZOJ00guU6wZIPRiLXVy5DauNAxC-Vw_ANVsufkP4ffYpX0Wv9GlB144DoELwozmx_nTOR8AWZ2KxTjRxDoobci2O4ccYVIEvaY6j2xzX-nvlHrY98FkSor2XpfEtByAwp5cciTfHv5D248,5000
0GyDY7IzbA5mEeX444MzIPXxrQJ7mjpIQE8vzISCTAeXyNkEomzfIqW8fv-P0J5FmBW_scJcXyoZpOkjaVHypEo_h6hUSSwGS27DgDq02Rzx-_qL09zfiMcAWQLX86h1yEi3pIPGGWqYQLrkskwpOGh-vrB5V6iAH6ZBdkpB7zMB738dZxaPUah0ud34QEJkOP5yor6p_WADy7-o6IIZcx1xJHEbT3imO6wJcHWnoaQsV1ar4Vuvd99S93h2a69Ux4ECunuEx6eNe_uyxGaLziV14nP9OLLEtz--7s3xdEqT8NG0oPK2Kub6aFnxz1XjgufzBCoye35TWr0Jz-epVtqmfNKt88xF1Vzag42qEPs5z64L_Ct08dhcn5oI1dnckm8aoCcIXtRyQyWT8YFtkJdxCWdDFzp0d6jAHSE58rVnahH9dT0Alnp1LoYTn_bZL1lv03W-CFccvbp6mh753Vh4psxvml_lRrBt9-94TAT10OXeh34ra81CyE-Jdx_P5KzhMHlDAzzW7CnWhxt797Pa-amkoTmmWxxbDle0Z10dyJNcmoihUGk1ugODJeBlOvXZNRfJez9aRjz__Ydx5xKZZ-gG_wjkysURx9pYaPpnIA4MjN0K2-EvrHKUHwlCphXP1ubeZC4kDbO-4OpbSmpHmtEB4WohhS87XTuPAMU,31250
yY-wYx_1LY7ezKDI2OQfI1eIopTtvdIeJrdo2EzqgqFgjuZfxSXwbGKq-h9-esh6rJvFtH5KjGiyvbO4jmB-_w1d4Z5eJzuOMLEpyRi7rUvwRcFvutShm2LrI61Ypoqj7oAxwQtlltZ-KUY7E2mv8hKyW-Hig5gHe-aSqSGUIAiwshmFc6V6NvFT-uAfNSIYzhEf98WQCqVLceiqgiPbXlOBNo4QRPosp0KSj2EXmH8VQPrDcjEZYwZWy1i8-CRNByd7NbY3wCm7Q4T-ujdMZadaa9NUSqi0dz7YnZYpnfq6mgBs1xNYKOxDBr5ga_yoIOnOJwcENKk9qBm-FDEdWIYh9LJxJP8_w8op34XL5H4YUt8WTIGg_4zf10qM_XKOI8-VYJKlq4KeIE5zXDefnIdIJ9b5h2m1yCs24TTZdwL4aNBOumCGdMvgfF56nEqbWRx3XGjxvTBIHgzu8LZ6p_B1hEn_V-7qgWkPRmWgcw0--2FreCePnxtnpFvEd7myNliryTg2pyzhDSgI3II1EulSts392_iNeqYVO7yebS5nw5vahn2sP3Du6kELnsEz0qgfB0aP5Xu-dgT9_vc1YqYxqCguqQKQ4r6AVbCvQ1V9wBVENzJPdLKN38PnjFJqkmyG9eUAoMXQqy3uL1CJOBMix7D5pTwVL3WyM1Pm7ms,2500
1Q7Rfgt23rfUDpELoIfUAeVe92HCwrxb3QWwcvHIKW6LXnxldNp_d6qWMuJvzexnaWi50jRKAa4lFL2Wha4gc-XrxQE9xNRPjHLqvHdTkhT2MjxXh1G71X92gHJfV8KxRJ4CL1lz0zJAPa2ipOzQaHE8sJWFtFEVclmqIjluvV9CrZ0XMv3U7a2gBVEXWQz8Vx47wvbcDyosLgeDkiqX8zUexNB_FclA1BNqNKYHhieAOYVgkCfy3Ip4BPKEshmlkp_cRiolA6pD2o2fNZxfqNQBFUFIpa62IQhaxIWWg4poQYUcj1qPLGapS2jnnhUlfgDR-T18sQKoPWe5pGldW2DrYPJ6QY4T1EPdcndH1JxGBC8I_yF8yfUOf5N9mRJJ8azxnMNmHpW0g_ZxzSo5g2pXYZ8U2RRm1W_ZKIarmnyQEUjiMDfPTrjJpHH5ZKssd_wQPsoKGhRUMEZwyx1afOvB0wcryZDcZRazeo5uijAI6sFtbmtJxgdrtEe80f0WUyvPtPbZ07qi9AG7NVCtUDporakxKI-jSt6unksvPckz5OLf45f3X-HmNPQ5f6L96qVzbu4QLtJmSdTG6cat-UmF155nqT0ydns4byuH5p22cLlRHNthBcIycdkkPuQCcQ-c0xmA34scs1xll1GoUi_qoh9WZvIjU0c3PJ2x0xc,1250
z8Qq_os8tzmTSFh9_eFwSTeodhTwZY_BnHXIUkXC7YIpEcY1xBDUsnz06aZO9ko9CdZcBETwRFQ81KGtS6gQBUlTzuaLbvMHYAjo1q-r0GlqQskkkrsaLFgcztckwlUYL_Vu0JItfwr-XIq273O-saLkIDjfDsa3BRQinD8mQRBeG7jx6_eOh-0XwmZKzND5pJ0Kyc1vl2x_p1BrljTXlarrDKyCbYK6-cdO8rOP94SneOYKU5-_qK9rEGp6Xnb8j43GL56kMDOvLATlGD26gi0dr62_bIEBidjQbixY7IkXrFNAAAVTTU6r0VlYDMrchJ1tQYm3ySSOnko_lOZJxrHnIrACtFhpw6z416DkZ8F6tQnOyGm6Q5VHyEW2yjqSPWFZIzebgrjPsem6JVBWkHjL9oonjJOeRq-DbNF3iec7v6SUd2XMj4mQGFX0IkgVJgg4FfMvdpH-91PUXggsbK-lV5cJqxd37MCkn1dD7MO9GY-f1skGvNKPflOuinT9Nv4zc99smTlb0yJDcGaj-BLRidJT8DRcWp5JuB23fJr3TYP5UZTrumYyxyMXd5qgEs7jj1Gg0i-aksrQYBWF3NZ7GtIqZY0ncUNM9zvnVZw2QlMs6s07wKG2jc0_BBxGpNoPHfGjgUYhbe3kvJy8FQmVX8ABMLEOhivHYlSAsY0,1875
2H2x-B5A9O8_2j3jJxBhyGYVT6LpMsN4YNaOpHQlB6Yfl_kdt6N9VvUrpsERGlBY_uFaUjWtXy-0IihKcFQklsOeywT8pHATG99AIEnHP0AigHhYL44bhUSCaUgt7ADVAH-S87EFL_PVZdJleW5wc9RM7i5yVWMNkgT2oF8Fi9y4s544JwPkm8G7Yu7MF0RYb1wKSWv4TzFemTA4K-pvMgGeoV8VtNl-xPf7q_T4xIB5elwzhJMcgkXQvG0TL-4qZLWOa_sVdnUfkltbbsEcGQ7rjfx3Apq10Lqn8fezuxv3C0b9Ml6jjBLrD0ZDeJXq5LGH8JPIVdom-3UJJl9SVwWTROpG2Q1JyDK8Tr7VAHCnMOR8hXFgBXmaXJi-qlgyvrBxw-hJ9I48hzuFleulOQUnEnV_GNjNAN6hnpuJR09AdFMZc4BiKrbT_MqHEhIQkOUMA8PKWc7ek3-ej95jVNvbGzrIDpCyLrP_EXZEorCcpXW0jtRgBHUJTH9WzgwzPumd8SIvZihYzZmo307lOhyHogCHoQAwlPR1TKVC2yCuFF642LIA8Xi9WWmLs_tHIwXh__0bOVB6RGpuIc9HoUkBrnEBjx5fV8YQupMErTjRD58ofFOoy0WFjtoN9h7CRE51eQGecBKrRucJj61-Dz6T39gorZn1VWqF8jawEBs,1250
z0Pdc9bvhzdOOdRMtEICSei7gSlWXgzwS2XhgyKuV2H6TBpbkdB0uyF5OZqB2LVqFNFR8ZgszQHJUn5tFC9b3T5luzhiKGuosw08vWM5JbVox39qWapxGMCF1XZ4J5T9mxCwzfQroZqOUKXfHQhD4dUfC3jUz9APmcZQRabhmyfRicHJXUxV2s0t3tVLNB4XYuiPbPKoHjSu70VCRv0aMS7jdAGANPj2id2C-7yTZO2RFsylGqeqxo_fc_oZMbmAfXkn0hR-ThHWT6ruYMq0QOkhfZ5CpyCA8Zd8SeRZ1JhMEPtnBHrrXeL9A5qf2AhVmU-eaPdgxeGTEEtl76J6Z7PmXrp-GOf0-LdMeihPnawmfvk2Xk0DrQ-SzALZcjVuyS7IyG40LAjjU4xgsq3jgtMksAi2UQpqzYg0-qcOTvZzYxICtGtvx_5sgn2p78vjH4f8bIkt5xsqSLqXA1YchHgxyu671PBwimwiU-ON_1oxcAAp8csA_lMVFCE6Tujmq_CyX2KddXV9KNvn2CKTvc3rc6Ou3rwdCfJMQOWjtRrwGenOc63ZIL18cudBfDnFZmQMY6rUXKMyANGvejiz2Ba98S98Vp1if1LLUTHv4fKbd_AEsHZWRll2XkGRKsQq8DM5-kU9iVK-zuF2JIc-XQZhR7K0C6SIXmnizCB6UlU,10000
zoZtiRFhuAlLumsoddXMwdCbjVLhbR_7Zrkzj8RE5zg9yex-mCPjF9_8MmeM5PA1CED-YxSuY6AbEjDhX88pa4sFAERk1lRKhT-0X6MvGBU4yDthaQ2-Yb99XPfngD73mWXxR_yCC_e75COO-d9PAFrQKLMQhAMINgU08xJ6zEUbXTnpeWYjQO9fz4zXPLS7Ti-KXUZYr2HN4OY-g_9xMzKjccMXbfZ8egVWTke23qfCF-79QXEZKaywTQ_xL_bInOFpnpN9yFqkT8cnErO8bvYb2BxaMBvxtCdBqsaW8WhOZmsz2tfdmkB7n0-mKn0dFQe8_cU_qUd9LYkYq_uVBBcQYEnzAFb-r5ODwt9YiI_zK2jyPcGxPHz89rB9OILfOjU_4iF7bRzbigur0iHUQXzTyydCrwarxaqpI-AG7LnSEHQW9cCsaqvztDgnmC-epe0f1op8CwLkO6N6jIXv3Zr2vWVh7MdRWFO_EMJg6k0DqGlyqoALvE1TdNFikqy8VP8LOzLVRvansq8_Cgwa0HCl5d2wNPz56uXaeDRL_m3JFLxF6XBO_CzUmfJf5ojS3Tz6EtkgqhEWCDJCSs1aSdp32dF4dnO0GNoCk6gujTVbqsrgfj1C-8MdI27Uf6uBxdlM6td_b5XNOpuKVLNtGq_tFS0UhK0JIiIsaHnEcYM,100000
1XwQiA58U3gU3kAU-m7QNmojqSDqreBx5czflGJEP2o,1000000
Kqv8KbkReyIjC6i7Bw26vx8x6V6n38DcySHolCn2vEk,1000000
USOKgERtHVG99g0D9KJdHOvQyhq6HFPmCXLUdeqCdrU,1000000
rpmdGK_wIx81FJYCcxPNUpy2Bmd9itMIetb7q5jI1Kg,1000000
07ceU6ht-M2j3Jft4ev-s9JfbsdntUVtcZvRB8PK3Bs,1000000
aVBbpaWLven6vhGpevwrJsFGy6shjnSBrsQdI_3pvvQ,1000000
pelV029zezTD2vCUj7rynMaM5MNcbPN_nJArvdfN7GI,1000000
TOAgO-RGG0NcUYHIpOeJRRG4CVt0NNwjfpVPnJZqHZs,1000000
heiGOJ9BcrJxc903urRq7Xx-JYq4UGeyr8Ix7BArSbQ,1000000
CoII4rfEhEAro5Bv2wEYlAxRaLSp382T6TVEpknKwWc,1000000
